scheme,fold,representation,model,validation_ap,seed,role,scenario,n,positive,prevalence,ap,auc,brier,threshold,tp,fp,fn,tn,fpr,inspect10,caught10,capture10,inspect20,caught20,capture20,inspect30,caught30,capture30
forward_run,2,FB,logistic,0.16185207980021038,17,validation,delay5,1157,158,0.1365600691443388,0.17388974768660215,0.5583368178304887,0.16025573968042167,0.35903207035474527,38,179,120,820,0.17917917917917917,115,22,0.13924050632911392,231,40,0.25316455696202533,347,56,0.35443037974683544
forward_run,2,FB,logistic,0.16185207980021038,17,validation,delay50,1157,158,0.1365600691443388,0.16592624756778077,0.5521470837926534,0.1614987129192508,0.35903207035474527,49,233,109,766,0.23323323323323322,115,14,0.08860759493670886,231,40,0.25316455696202533,347,58,0.3670886075949367
forward_run,2,FB,logistic,0.16185207980021038,17,validation,delay100,1157,158,0.1365600691443388,0.14996342457586223,0.511660394571787,0.1633395067434134,0.35903207035474527,53,290,105,709,0.2902902902902903,115,11,0.06962025316455696,231,43,0.2721518987341772,347,53,0.33544303797468356
forward_run,2,FB,logistic,0.16185207980021038,17,validation,coverage0.5,1157,158,0.1365600691443388,0.14935618550974533,0.5364605111440554,0.16143692698346496,0.35903207035474527,45,282,113,717,0.2822822822822823,115,20,0.12658227848101267,231,36,0.22784810126582278,347,50,0.31645569620253167
forward_run,2,FB,logistic,0.16185207980021038,17,validation,coverage0.2,1157,158,0.1365600691443388,0.15273775903370806,0.5527806287299959,0.16059433157312908,0.35903207035474527,57,274,101,725,0.27427427427427425,115,13,0.08227848101265822,231,33,0.2088607594936709,347,58,0.3670886075949367
forward_run,2,FB,logistic,0.16185207980021038,17,validation,no_current_partition_returns,1157,158,0.1365600691443388,0.1365600691443388,0.5,0.17249783700732665,0.35903207035474527,158,999,0,0,1.0,115,14,0.08860759493670886,231,27,0.17088607594936708,347,36,0.22784810126582278
forward_run,2,FB,logistic,0.16185207980021038,17,test,delay5,397,5,0.012594458438287154,0.02520475282236289,0.5454081632653062,0.11268765521378576,0.35903207035474527,0,5,5,387,0.012755102040816327,39,1,0.2,79,1,0.2,119,2,0.4
forward_run,2,FB,logistic,0.16185207980021038,17,test,delay50,397,5,0.012594458438287154,0.01599984628422659,0.5265306122448979,0.1070842541952313,0.35903207035474527,0,50,5,342,0.12755102040816327,39,0,0.0,79,0,0.0,119,2,0.4
forward_run,2,FB,logistic,0.16185207980021038,17,test,delay100,397,5,0.012594458438287154,0.013408852901654614,0.4714285714285714,0.10203538790517593,0.35903207035474527,0,98,5,294,0.25,39,0,0.0,79,0,0.0,119,0,0.0
forward_run,2,FB,logistic,0.16185207980021038,17,test,coverage0.5,397,5,0.012594458438287154,0.011438750380950167,0.3698979591836734,0.11024631606748664,0.35903207035474527,0,26,5,366,0.0663265306122449,39,0,0.0,79,0,0.0,119,0,0.0
forward_run,2,FB,logistic,0.16185207980021038,17,test,coverage0.2,397,5,0.012594458438287154,0.012567520782603826,0.42219387755102034,0.1064450216924636,0.35903207035474527,0,28,5,364,0.07142857142857142,39,0,0.0,79,0,0.0,119,1,0.2
forward_run,2,FB,logistic,0.16185207980021038,17,test,no_current_partition_returns,397,5,0.012594458438287154,0.012594458438287154,0.5,0.14031572938598325,0.35903207035474527,5,392,0,0,1.0,39,0,0.0,79,2,0.4,119,2,0.4
forward_run,2,FB,logistic,0.16185207980021038,29,validation,delay5,1157,158,0.1365600691443388,0.17388974768660215,0.5583368178304887,0.16025573968042167,0.35903207035474527,38,179,120,820,0.17917917917917917,115,22,0.13924050632911392,231,40,0.25316455696202533,347,56,0.35443037974683544
forward_run,2,FB,logistic,0.16185207980021038,29,validation,delay50,1157,158,0.1365600691443388,0.16592624756778077,0.5521470837926534,0.1614987129192508,0.35903207035474527,49,233,109,766,0.23323323323323322,115,14,0.08860759493670886,231,40,0.25316455696202533,347,58,0.3670886075949367
forward_run,2,FB,logistic,0.16185207980021038,29,validation,delay100,1157,158,0.1365600691443388,0.14996342457586223,0.511660394571787,0.1633395067434134,0.35903207035474527,53,290,105,709,0.2902902902902903,115,11,0.06962025316455696,231,43,0.2721518987341772,347,53,0.33544303797468356
forward_run,2,FB,logistic,0.16185207980021038,29,validation,coverage0.5,1157,158,0.1365600691443388,0.14935618550974533,0.5364605111440554,0.16143692698346496,0.35903207035474527,45,282,113,717,0.2822822822822823,115,20,0.12658227848101267,231,36,0.22784810126582278,347,50,0.31645569620253167
forward_run,2,FB,logistic,0.16185207980021038,29,validation,coverage0.2,1157,158,0.1365600691443388,0.15273775903370806,0.5527806287299959,0.16059433157312908,0.35903207035474527,57,274,101,725,0.27427427427427425,115,13,0.08227848101265822,231,33,0.2088607594936709,347,58,0.3670886075949367
forward_run,2,FB,logistic,0.16185207980021038,29,validation,no_current_partition_returns,1157,158,0.1365600691443388,0.1365600691443388,0.5,0.17249783700732665,0.35903207035474527,158,999,0,0,1.0,115,14,0.08860759493670886,231,27,0.17088607594936708,347,36,0.22784810126582278
forward_run,2,FB,logistic,0.16185207980021038,29,test,delay5,397,5,0.012594458438287154,0.02520475282236289,0.5454081632653062,0.11268765521378576,0.35903207035474527,0,5,5,387,0.012755102040816327,39,1,0.2,79,1,0.2,119,2,0.4
forward_run,2,FB,logistic,0.16185207980021038,29,test,delay50,397,5,0.012594458438287154,0.01599984628422659,0.5265306122448979,0.1070842541952313,0.35903207035474527,0,50,5,342,0.12755102040816327,39,0,0.0,79,0,0.0,119,2,0.4
forward_run,2,FB,logistic,0.16185207980021038,29,test,delay100,397,5,0.012594458438287154,0.013408852901654614,0.4714285714285714,0.10203538790517593,0.35903207035474527,0,98,5,294,0.25,39,0,0.0,79,0,0.0,119,0,0.0
forward_run,2,FB,logistic,0.16185207980021038,29,test,coverage0.5,397,5,0.012594458438287154,0.011438750380950167,0.3698979591836734,0.11024631606748664,0.35903207035474527,0,26,5,366,0.0663265306122449,39,0,0.0,79,0,0.0,119,0,0.0
forward_run,2,FB,logistic,0.16185207980021038,29,test,coverage0.2,397,5,0.012594458438287154,0.012567520782603826,0.42219387755102034,0.1064450216924636,0.35903207035474527,0,28,5,364,0.07142857142857142,39,0,0.0,79,0,0.0,119,1,0.2
forward_run,2,FB,logistic,0.16185207980021038,29,test,no_current_partition_returns,397,5,0.012594458438287154,0.012594458438287154,0.5,0.14031572938598325,0.35903207035474527,5,392,0,0,1.0,39,0,0.0,79,2,0.4,119,2,0.4
forward_run,2,FB,logistic,0.16185207980021038,43,validation,delay5,1157,158,0.1365600691443388,0.17388974768660215,0.5583368178304887,0.16025573968042167,0.35903207035474527,38,179,120,820,0.17917917917917917,115,22,0.13924050632911392,231,40,0.25316455696202533,347,56,0.35443037974683544
forward_run,2,FB,logistic,0.16185207980021038,43,validation,delay50,1157,158,0.1365600691443388,0.16592624756778077,0.5521470837926534,0.1614987129192508,0.35903207035474527,49,233,109,766,0.23323323323323322,115,14,0.08860759493670886,231,40,0.25316455696202533,347,58,0.3670886075949367
forward_run,2,FB,logistic,0.16185207980021038,43,validation,delay100,1157,158,0.1365600691443388,0.14996342457586223,0.511660394571787,0.1633395067434134,0.35903207035474527,53,290,105,709,0.2902902902902903,115,11,0.06962025316455696,231,43,0.2721518987341772,347,53,0.33544303797468356
forward_run,2,FB,logistic,0.16185207980021038,43,validation,coverage0.5,1157,158,0.1365600691443388,0.14935618550974533,0.5364605111440554,0.16143692698346496,0.35903207035474527,45,282,113,717,0.2822822822822823,115,20,0.12658227848101267,231,36,0.22784810126582278,347,50,0.31645569620253167
forward_run,2,FB,logistic,0.16185207980021038,43,validation,coverage0.2,1157,158,0.1365600691443388,0.15273775903370806,0.5527806287299959,0.16059433157312908,0.35903207035474527,57,274,101,725,0.27427427427427425,115,13,0.08227848101265822,231,33,0.2088607594936709,347,58,0.3670886075949367
forward_run,2,FB,logistic,0.16185207980021038,43,validation,no_current_partition_returns,1157,158,0.1365600691443388,0.1365600691443388,0.5,0.17249783700732665,0.35903207035474527,158,999,0,0,1.0,115,14,0.08860759493670886,231,27,0.17088607594936708,347,36,0.22784810126582278
forward_run,2,FB,logistic,0.16185207980021038,43,test,delay5,397,5,0.012594458438287154,0.02520475282236289,0.5454081632653062,0.11268765521378576,0.35903207035474527,0,5,5,387,0.012755102040816327,39,1,0.2,79,1,0.2,119,2,0.4
forward_run,2,FB,logistic,0.16185207980021038,43,test,delay50,397,5,0.012594458438287154,0.01599984628422659,0.5265306122448979,0.1070842541952313,0.35903207035474527,0,50,5,342,0.12755102040816327,39,0,0.0,79,0,0.0,119,2,0.4
forward_run,2,FB,logistic,0.16185207980021038,43,test,delay100,397,5,0.012594458438287154,0.013408852901654614,0.4714285714285714,0.10203538790517593,0.35903207035474527,0,98,5,294,0.25,39,0,0.0,79,0,0.0,119,0,0.0
forward_run,2,FB,logistic,0.16185207980021038,43,test,coverage0.5,397,5,0.012594458438287154,0.011438750380950167,0.3698979591836734,0.11024631606748664,0.35903207035474527,0,26,5,366,0.0663265306122449,39,0,0.0,79,0,0.0,119,0,0.0
forward_run,2,FB,logistic,0.16185207980021038,43,test,coverage0.2,397,5,0.012594458438287154,0.012567520782603826,0.42219387755102034,0.1064450216924636,0.35903207035474527,0,28,5,364,0.07142857142857142,39,0,0.0,79,0,0.0,119,1,0.2
forward_run,2,FB,logistic,0.16185207980021038,43,test,no_current_partition_returns,397,5,0.012594458438287154,0.012594458438287154,0.5,0.14031572938598325,0.35903207035474527,5,392,0,0,1.0,39,0,0.0,79,2,0.4,119,2,0.4
forward_run,2,SH_FB,logistic,0.1941923692621159,17,validation,delay5,1157,158,0.1365600691443388,0.19447644123923735,0.5978700219206549,0.11982222666698096,0.19983129251542184,38,191,120,808,0.19119119119119118,115,26,0.16455696202531644,231,39,0.2468354430379747,347,56,0.35443037974683544
forward_run,2,SH_FB,logistic,0.1941923692621159,17,validation,delay50,1157,158,0.1365600691443388,0.19111075498864147,0.5954878929562474,0.12006758958403176,0.19983129251542184,38,204,120,795,0.2042042042042042,115,24,0.1518987341772152,231,37,0.23417721518987342,347,56,0.35443037974683544
forward_run,2,SH_FB,logistic,0.1941923692621159,17,validation,delay100,1157,158,0.1365600691443388,0.19022249062419072,0.5931691184855742,0.12058047586888383,0.19983129251542184,45,226,113,773,0.22622622622622623,115,23,0.14556962025316456,231,36,0.22784810126582278,347,55,0.34810126582278483
forward_run,2,SH_FB,logistic,0.1941923692621159,17,validation,coverage0.5,1157,158,0.1365600691443388,0.1788195212735869,0.5826300984528832,0.12284565335716148,0.19983129251542184,50,297,108,702,0.2972972972972973,115,24,0.1518987341772152,231,34,0.21518987341772153,347,50,0.31645569620253167
forward_run,2,SH_FB,logistic,0.1941923692621159,17,validation,coverage0.2,1157,158,0.1365600691443388,0.17067138040026464,0.5749578692616668,0.12727416548657133,0.19983129251542184,71,375,87,624,0.37537537537537535,115,20,0.12658227848101267,231,35,0.22151898734177214,347,53,0.33544303797468356
forward_run,2,SH_FB,logistic,0.1941923692621159,17,validation,no_current_partition_returns,1157,158,0.1365600691443388,0.16163171041655314,0.5702537981018994,0.12717375489956725,0.19983129251542184,60,362,98,637,0.36236236236236236,115,20,0.12658227848101267,231,33,0.2088607594936709,347,50,0.31645569620253167
forward_run,2,SH_FB,logistic,0.1941923692621159,17,test,delay5,397,5,0.012594458438287154,0.01188780416629829,0.3816326530612245,0.0184453006174995,0.19983129251542184,0,15,5,377,0.03826530612244898,39,0,0.0,79,0,0.0,119,1,0.2
forward_run,2,SH_FB,logistic,0.1941923692621159,17,test,delay50,397,5,0.012594458438287154,0.012686690714269136,0.4198979591836735,0.018430324778874716,0.19983129251542184,0,17,5,375,0.04336734693877551,39,0,0.0,79,0,0.0,119,1,0.2
forward_run,2,SH_FB,logistic,0.1941923692621159,17,test,delay100,397,5,0.012594458438287154,0.012959396233973162,0.4285714285714286,0.014990814753568015,0.19983129251542184,0,5,5,387,0.012755102040816327,39,0,0.0,79,0,0.0,119,1,0.2
forward_run,2,SH_FB,logistic,0.1941923692621159,17,test,coverage0.5,397,5,0.012594458438287154,0.012263585688684478,0.3943877551020408,0.020736352604345032,0.19983129251542184,0,20,5,372,0.05102040816326531,39,0,0.0,79,0,0.0,119,1,0.2
forward_run,2,SH_FB,logistic,0.1941923692621159,17,test,coverage0.2,397,5,0.012594458438287154,0.012690276459772588,0.41428571428571426,0.022523289671219426,0.19983129251542184,0,27,5,365,0.06887755102040816,39,0,0.0,79,0,0.0,119,1,0.2
forward_run,2,SH_FB,logistic,0.1941923692621159,17,test,no_current_partition_returns,397,5,0.012594458438287154,0.01238843402233436,0.3928571428571429,0.020691987577091425,0.19983129251542184,0,20,5,372,0.05102040816326531,39,0,0.0,79,0,0.0,119,1,0.2
forward_run,2,SH_FB,logistic,0.1941923692621159,29,validation,delay5,1157,158,0.1365600691443388,0.19447644123923735,0.5978700219206549,0.11982222666698096,0.19983129251542184,38,191,120,808,0.19119119119119118,115,26,0.16455696202531644,231,39,0.2468354430379747,347,56,0.35443037974683544
forward_run,2,SH_FB,logistic,0.1941923692621159,29,validation,delay50,1157,158,0.1365600691443388,0.19111075498864147,0.5954878929562474,0.12006758958403176,0.19983129251542184,38,204,120,795,0.2042042042042042,115,24,0.1518987341772152,231,37,0.23417721518987342,347,56,0.35443037974683544
forward_run,2,SH_FB,logistic,0.1941923692621159,29,validation,delay100,1157,158,0.1365600691443388,0.19022249062419072,0.5931691184855742,0.12058047586888383,0.19983129251542184,45,226,113,773,0.22622622622622623,115,23,0.14556962025316456,231,36,0.22784810126582278,347,55,0.34810126582278483
forward_run,2,SH_FB,logistic,0.1941923692621159,29,validation,coverage0.5,1157,158,0.1365600691443388,0.1788195212735869,0.5826300984528832,0.12284565335716148,0.19983129251542184,50,297,108,702,0.2972972972972973,115,24,0.1518987341772152,231,34,0.21518987341772153,347,50,0.31645569620253167
forward_run,2,SH_FB,logistic,0.1941923692621159,29,validation,coverage0.2,1157,158,0.1365600691443388,0.17067138040026464,0.5749578692616668,0.12727416548657133,0.19983129251542184,71,375,87,624,0.37537537537537535,115,20,0.12658227848101267,231,35,0.22151898734177214,347,53,0.33544303797468356
forward_run,2,SH_FB,logistic,0.1941923692621159,29,validation,no_current_partition_returns,1157,158,0.1365600691443388,0.16163171041655314,0.5702537981018994,0.12717375489956725,0.19983129251542184,60,362,98,637,0.36236236236236236,115,20,0.12658227848101267,231,33,0.2088607594936709,347,50,0.31645569620253167
forward_run,2,SH_FB,logistic,0.1941923692621159,29,test,delay5,397,5,0.012594458438287154,0.01188780416629829,0.3816326530612245,0.0184453006174995,0.19983129251542184,0,15,5,377,0.03826530612244898,39,0,0.0,79,0,0.0,119,1,0.2
forward_run,2,SH_FB,logistic,0.1941923692621159,29,test,delay50,397,5,0.012594458438287154,0.012686690714269136,0.4198979591836735,0.018430324778874716,0.19983129251542184,0,17,5,375,0.04336734693877551,39,0,0.0,79,0,0.0,119,1,0.2
forward_run,2,SH_FB,logistic,0.1941923692621159,29,test,delay100,397,5,0.012594458438287154,0.012959396233973162,0.4285714285714286,0.014990814753568015,0.19983129251542184,0,5,5,387,0.012755102040816327,39,0,0.0,79,0,0.0,119,1,0.2
forward_run,2,SH_FB,logistic,0.1941923692621159,29,test,coverage0.5,397,5,0.012594458438287154,0.012263585688684478,0.3943877551020408,0.020736352604345032,0.19983129251542184,0,20,5,372,0.05102040816326531,39,0,0.0,79,0,0.0,119,1,0.2
forward_run,2,SH_FB,logistic,0.1941923692621159,29,test,coverage0.2,397,5,0.012594458438287154,0.012690276459772588,0.41428571428571426,0.022523289671219426,0.19983129251542184,0,27,5,365,0.06887755102040816,39,0,0.0,79,0,0.0,119,1,0.2
forward_run,2,SH_FB,logistic,0.1941923692621159,29,test,no_current_partition_returns,397,5,0.012594458438287154,0.01238843402233436,0.3928571428571429,0.020691987577091425,0.19983129251542184,0,20,5,372,0.05102040816326531,39,0,0.0,79,0,0.0,119,1,0.2
forward_run,2,SH_FB,logistic,0.1941923692621159,43,validation,delay5,1157,158,0.1365600691443388,0.19447644123923735,0.5978700219206549,0.11982222666698096,0.19983129251542184,38,191,120,808,0.19119119119119118,115,26,0.16455696202531644,231,39,0.2468354430379747,347,56,0.35443037974683544
forward_run,2,SH_FB,logistic,0.1941923692621159,43,validation,delay50,1157,158,0.1365600691443388,0.19111075498864147,0.5954878929562474,0.12006758958403176,0.19983129251542184,38,204,120,795,0.2042042042042042,115,24,0.1518987341772152,231,37,0.23417721518987342,347,56,0.35443037974683544
forward_run,2,SH_FB,logistic,0.1941923692621159,43,validation,delay100,1157,158,0.1365600691443388,0.19022249062419072,0.5931691184855742,0.12058047586888383,0.19983129251542184,45,226,113,773,0.22622622622622623,115,23,0.14556962025316456,231,36,0.22784810126582278,347,55,0.34810126582278483
forward_run,2,SH_FB,logistic,0.1941923692621159,43,validation,coverage0.5,1157,158,0.1365600691443388,0.1788195212735869,0.5826300984528832,0.12284565335716148,0.19983129251542184,50,297,108,702,0.2972972972972973,115,24,0.1518987341772152,231,34,0.21518987341772153,347,50,0.31645569620253167
forward_run,2,SH_FB,logistic,0.1941923692621159,43,validation,coverage0.2,1157,158,0.1365600691443388,0.17067138040026464,0.5749578692616668,0.12727416548657133,0.19983129251542184,71,375,87,624,0.37537537537537535,115,20,0.12658227848101267,231,35,0.22151898734177214,347,53,0.33544303797468356
forward_run,2,SH_FB,logistic,0.1941923692621159,43,validation,no_current_partition_returns,1157,158,0.1365600691443388,0.16163171041655314,0.5702537981018994,0.12717375489956725,0.19983129251542184,60,362,98,637,0.36236236236236236,115,20,0.12658227848101267,231,33,0.2088607594936709,347,50,0.31645569620253167
forward_run,2,SH_FB,logistic,0.1941923692621159,43,test,delay5,397,5,0.012594458438287154,0.01188780416629829,0.3816326530612245,0.0184453006174995,0.19983129251542184,0,15,5,377,0.03826530612244898,39,0,0.0,79,0,0.0,119,1,0.2
forward_run,2,SH_FB,logistic,0.1941923692621159,43,test,delay50,397,5,0.012594458438287154,0.012686690714269136,0.4198979591836735,0.018430324778874716,0.19983129251542184,0,17,5,375,0.04336734693877551,39,0,0.0,79,0,0.0,119,1,0.2
forward_run,2,SH_FB,logistic,0.1941923692621159,43,test,delay100,397,5,0.012594458438287154,0.012959396233973162,0.4285714285714286,0.014990814753568015,0.19983129251542184,0,5,5,387,0.012755102040816327,39,0,0.0,79,0,0.0,119,1,0.2
forward_run,2,SH_FB,logistic,0.1941923692621159,43,test,coverage0.5,397,5,0.012594458438287154,0.012263585688684478,0.3943877551020408,0.020736352604345032,0.19983129251542184,0,20,5,372,0.05102040816326531,39,0,0.0,79,0,0.0,119,1,0.2
forward_run,2,SH_FB,logistic,0.1941923692621159,43,test,coverage0.2,397,5,0.012594458438287154,0.012690276459772588,0.41428571428571426,0.022523289671219426,0.19983129251542184,0,27,5,365,0.06887755102040816,39,0,0.0,79,0,0.0,119,1,0.2
forward_run,2,SH_FB,logistic,0.1941923692621159,43,test,no_current_partition_returns,397,5,0.012594458438287154,0.01238843402233436,0.3928571428571429,0.020691987577091425,0.19983129251542184,0,20,5,372,0.05102040816326531,39,0,0.0,79,0,0.0,119,1,0.2
forward_run,2,S_FB,logistic,0.1956149632291678,17,validation,delay5,1157,158,0.1365600691443388,0.1954817656556305,0.5987538171082475,0.11931959954267515,0.19791204904199775,40,180,118,819,0.18018018018018017,115,26,0.16455696202531644,231,40,0.25316455696202533,347,58,0.3670886075949367
forward_run,2,S_FB,logistic,0.1956149632291678,17,validation,delay50,1157,158,0.1365600691443388,0.19117824220562116,0.5961942955613843,0.1195529836880941,0.19791204904199775,37,202,121,797,0.2022022022022022,115,25,0.15822784810126583,231,37,0.23417721518987342,347,56,0.35443037974683544
forward_run,2,S_FB,logistic,0.1956149632291678,17,validation,delay100,1157,158,0.1365600691443388,0.1906095342881255,0.593444710533318,0.12003343229375395,0.19791204904199775,43,230,115,769,0.23023023023023023,115,24,0.1518987341772152,231,36,0.22784810126582278,347,56,0.35443037974683544
forward_run,2,S_FB,logistic,0.1956149632291678,17,validation,coverage0.5,1157,158,0.1365600691443388,0.1797547367777267,0.5829817158931083,0.1220682451725487,0.19791204904199775,53,292,105,707,0.2922922922922923,115,24,0.1518987341772152,231,34,0.21518987341772153,347,53,0.33544303797468356
forward_run,2,S_FB,logistic,0.1956149632291678,17,validation,coverage0.2,1157,158,0.1365600691443388,0.17097401360467296,0.5750307269294611,0.1261328432569266,0.19791204904199775,68,372,90,627,0.37237237237237236,115,21,0.13291139240506328,231,34,0.21518987341772153,347,55,0.34810126582278483
forward_run,2,S_FB,logistic,0.1956149632291678,17,validation,no_current_partition_returns,1157,158,0.1365600691443388,0.1626594291720201,0.5707099504567859,0.12618325609233796,0.19791204904199775,59,359,99,640,0.35935935935935936,115,20,0.12658227848101267,231,34,0.21518987341772153,347,51,0.3227848101265823
forward_run,2,S_FB,logistic,0.1956149632291678,17,test,delay5,397,5,0.012594458438287154,0.011357727380091692,0.3556122448979592,0.019395758797497283,0.19791204904199775,0,17,5,375,0.04336734693877551,39,0,0.0,79,0,0.0,119,1,0.2
forward_run,2,S_FB,logistic,0.1956149632291678,17,test,delay50,397,5,0.012594458438287154,0.011993846534855697,0.39081632653061227,0.019253755785230767,0.19791204904199775,0,19,5,373,0.04846938775510204,39,0,0.0,79,0,0.0,119,1,0.2
forward_run,2,S_FB,logistic,0.1956149632291678,17,test,delay100,397,5,0.012594458438287154,0.01222870205078531,0.3984693877551021,0.015383218188246749,0.19791204904199775,0,6,5,386,0.015306122448979591,39,0,0.0,79,0,0.0,119,1,0.2
forward_run,2,S_FB,logistic,0.1956149632291678,17,test,coverage0.5,397,5,0.012594458438287154,0.011561773808625497,0.36122448979591837,0.021688082600484652,0.19791204904199775,0,22,5,370,0.05612244897959184,39,0,0.0,79,0,0.0,119,1,0.2
forward_run,2,S_FB,logistic,0.1956149632291678,17,test,coverage0.2,397,5,0.012594458438287154,0.011956805443678841,0.3826530612244898,0.023570924165696113,0.19791204904199775,0,27,5,365,0.06887755102040816,39,0,0.0,79,0,0.0,119,1,0.2
forward_run,2,S_FB,logistic,0.1956149632291678,17,test,no_current_partition_returns,397,5,0.012594458438287154,0.011794546248381907,0.3673469387755102,0.021696787519344122,0.19791204904199775,0,22,5,370,0.05612244897959184,39,0,0.0,79,0,0.0,119,1,0.2
forward_run,2,S_FB,logistic,0.1956149632291678,29,validation,delay5,1157,158,0.1365600691443388,0.1954817656556305,0.5987538171082475,0.11931959954267515,0.19791204904199775,40,180,118,819,0.18018018018018017,115,26,0.16455696202531644,231,40,0.25316455696202533,347,58,0.3670886075949367
forward_run,2,S_FB,logistic,0.1956149632291678,29,validation,delay50,1157,158,0.1365600691443388,0.19117824220562116,0.5961942955613843,0.1195529836880941,0.19791204904199775,37,202,121,797,0.2022022022022022,115,25,0.15822784810126583,231,37,0.23417721518987342,347,56,0.35443037974683544
forward_run,2,S_FB,logistic,0.1956149632291678,29,validation,delay100,1157,158,0.1365600691443388,0.1906095342881255,0.593444710533318,0.12003343229375395,0.19791204904199775,43,230,115,769,0.23023023023023023,115,24,0.1518987341772152,231,36,0.22784810126582278,347,56,0.35443037974683544
forward_run,2,S_FB,logistic,0.1956149632291678,29,validation,coverage0.5,1157,158,0.1365600691443388,0.1797547367777267,0.5829817158931083,0.1220682451725487,0.19791204904199775,53,292,105,707,0.2922922922922923,115,24,0.1518987341772152,231,34,0.21518987341772153,347,53,0.33544303797468356
forward_run,2,S_FB,logistic,0.1956149632291678,29,validation,coverage0.2,1157,158,0.1365600691443388,0.17097401360467296,0.5750307269294611,0.1261328432569266,0.19791204904199775,68,372,90,627,0.37237237237237236,115,21,0.13291139240506328,231,34,0.21518987341772153,347,55,0.34810126582278483
forward_run,2,S_FB,logistic,0.1956149632291678,29,validation,no_current_partition_returns,1157,158,0.1365600691443388,0.1626594291720201,0.5707099504567859,0.12618325609233796,0.19791204904199775,59,359,99,640,0.35935935935935936,115,20,0.12658227848101267,231,34,0.21518987341772153,347,51,0.3227848101265823
forward_run,2,S_FB,logistic,0.1956149632291678,29,test,delay5,397,5,0.012594458438287154,0.011357727380091692,0.3556122448979592,0.019395758797497283,0.19791204904199775,0,17,5,375,0.04336734693877551,39,0,0.0,79,0,0.0,119,1,0.2
forward_run,2,S_FB,logistic,0.1956149632291678,29,test,delay50,397,5,0.012594458438287154,0.011993846534855697,0.39081632653061227,0.019253755785230767,0.19791204904199775,0,19,5,373,0.04846938775510204,39,0,0.0,79,0,0.0,119,1,0.2
forward_run,2,S_FB,logistic,0.1956149632291678,29,test,delay100,397,5,0.012594458438287154,0.01222870205078531,0.3984693877551021,0.015383218188246749,0.19791204904199775,0,6,5,386,0.015306122448979591,39,0,0.0,79,0,0.0,119,1,0.2
forward_run,2,S_FB,logistic,0.1956149632291678,29,test,coverage0.5,397,5,0.012594458438287154,0.011561773808625497,0.36122448979591837,0.021688082600484652,0.19791204904199775,0,22,5,370,0.05612244897959184,39,0,0.0,79,0,0.0,119,1,0.2
forward_run,2,S_FB,logistic,0.1956149632291678,29,test,coverage0.2,397,5,0.012594458438287154,0.011956805443678841,0.3826530612244898,0.023570924165696113,0.19791204904199775,0,27,5,365,0.06887755102040816,39,0,0.0,79,0,0.0,119,1,0.2
forward_run,2,S_FB,logistic,0.1956149632291678,29,test,no_current_partition_returns,397,5,0.012594458438287154,0.011794546248381907,0.3673469387755102,0.021696787519344122,0.19791204904199775,0,22,5,370,0.05612244897959184,39,0,0.0,79,0,0.0,119,1,0.2
forward_run,2,S_FB,logistic,0.1956149632291678,43,validation,delay5,1157,158,0.1365600691443388,0.1954817656556305,0.5987538171082475,0.11931959954267515,0.19791204904199775,40,180,118,819,0.18018018018018017,115,26,0.16455696202531644,231,40,0.25316455696202533,347,58,0.3670886075949367
forward_run,2,S_FB,logistic,0.1956149632291678,43,validation,delay50,1157,158,0.1365600691443388,0.19117824220562116,0.5961942955613843,0.1195529836880941,0.19791204904199775,37,202,121,797,0.2022022022022022,115,25,0.15822784810126583,231,37,0.23417721518987342,347,56,0.35443037974683544
forward_run,2,S_FB,logistic,0.1956149632291678,43,validation,delay100,1157,158,0.1365600691443388,0.1906095342881255,0.593444710533318,0.12003343229375395,0.19791204904199775,43,230,115,769,0.23023023023023023,115,24,0.1518987341772152,231,36,0.22784810126582278,347,56,0.35443037974683544
forward_run,2,S_FB,logistic,0.1956149632291678,43,validation,coverage0.5,1157,158,0.1365600691443388,0.1797547367777267,0.5829817158931083,0.1220682451725487,0.19791204904199775,53,292,105,707,0.2922922922922923,115,24,0.1518987341772152,231,34,0.21518987341772153,347,53,0.33544303797468356
forward_run,2,S_FB,logistic,0.1956149632291678,43,validation,coverage0.2,1157,158,0.1365600691443388,0.17097401360467296,0.5750307269294611,0.1261328432569266,0.19791204904199775,68,372,90,627,0.37237237237237236,115,21,0.13291139240506328,231,34,0.21518987341772153,347,55,0.34810126582278483
forward_run,2,S_FB,logistic,0.1956149632291678,43,validation,no_current_partition_returns,1157,158,0.1365600691443388,0.1626594291720201,0.5707099504567859,0.12618325609233796,0.19791204904199775,59,359,99,640,0.35935935935935936,115,20,0.12658227848101267,231,34,0.21518987341772153,347,51,0.3227848101265823
forward_run,2,S_FB,logistic,0.1956149632291678,43,test,delay5,397,5,0.012594458438287154,0.011357727380091692,0.3556122448979592,0.019395758797497283,0.19791204904199775,0,17,5,375,0.04336734693877551,39,0,0.0,79,0,0.0,119,1,0.2
forward_run,2,S_FB,logistic,0.1956149632291678,43,test,delay50,397,5,0.012594458438287154,0.011993846534855697,0.39081632653061227,0.019253755785230767,0.19791204904199775,0,19,5,373,0.04846938775510204,39,0,0.0,79,0,0.0,119,1,0.2
forward_run,2,S_FB,logistic,0.1956149632291678,43,test,delay100,397,5,0.012594458438287154,0.01222870205078531,0.3984693877551021,0.015383218188246749,0.19791204904199775,0,6,5,386,0.015306122448979591,39,0,0.0,79,0,0.0,119,1,0.2
forward_run,2,S_FB,logistic,0.1956149632291678,43,test,coverage0.5,397,5,0.012594458438287154,0.011561773808625497,0.36122448979591837,0.021688082600484652,0.19791204904199775,0,22,5,370,0.05612244897959184,39,0,0.0,79,0,0.0,119,1,0.2
forward_run,2,S_FB,logistic,0.1956149632291678,43,test,coverage0.2,397,5,0.012594458438287154,0.011956805443678841,0.3826530612244898,0.023570924165696113,0.19791204904199775,0,27,5,365,0.06887755102040816,39,0,0.0,79,0,0.0,119,1,0.2
forward_run,2,S_FB,logistic,0.1956149632291678,43,test,no_current_partition_returns,397,5,0.012594458438287154,0.011794546248381907,0.3673469387755102,0.021696787519344122,0.19791204904199775,0,22,5,370,0.05612244897959184,39,0,0.0,79,0,0.0,119,1,0.2
forward_run,3,FB,hist_gradient,0.020584371179134996,17,validation,delay5,397,5,0.012594458438287154,0.03455266411018624,0.5864795918367347,0.06671031158845257,0.3571221973717924,1,39,4,353,0.09948979591836735,39,1,0.2,79,1,0.2,119,2,0.4
forward_run,3,FB,hist_gradient,0.020584371179134996,17,validation,delay50,397,5,0.012594458438287154,0.02070381620589762,0.6150510204081634,0.06398951434105248,0.3571221973717924,0,45,5,347,0.11479591836734694,39,0,0.0,79,2,0.4,119,3,0.6
forward_run,3,FB,hist_gradient,0.020584371179134996,17,validation,delay100,397,5,0.012594458438287154,0.022077070507740205,0.541326530612245,0.06497214657298278,0.3571221973717924,1,46,4,346,0.11734693877551021,39,1,0.2,79,1,0.2,119,2,0.4
forward_run,3,FB,hist_gradient,0.020584371179134996,17,validation,coverage0.5,397,5,0.012594458438287154,0.015770156066868178,0.46352040816326534,0.08966641862583992,0.3571221973717924,0,86,5,306,0.2193877551020408,39,0,0.0,79,0,0.0,119,1,0.2
forward_run,3,FB,hist_gradient,0.020584371179134996,17,validation,coverage0.2,397,5,0.012594458438287154,0.014895201137107145,0.5160714285714285,0.06852404736446015,0.3571221973717924,2,125,3,267,0.31887755102040816,39,0,0.0,79,2,0.4,119,2,0.4
forward_run,3,FB,hist_gradient,0.020584371179134996,17,validation,no_current_partition_returns,397,5,0.012594458438287154,0.012594458438287154,0.5,0.04085369794820058,0.3571221973717924,0,0,5,392,0.0,39,0,0.0,79,2,0.4,119,2,0.4
forward_run,3,FB,hist_gradient,0.020584371179134996,17,test,delay5,600,44,0.07333333333333333,0.05809419162278,0.3835431654676259,0.10141465089016433,0.3571221973717924,4,96,40,460,0.17266187050359713,60,1,0.022727272727272728,120,5,0.11363636363636363,180,10,0.22727272727272727
forward_run,3,FB,hist_gradient,0.020584371179134996,17,test,delay50,600,44,0.07333333333333333,0.06744278078379361,0.42556409417920205,0.0982459822070962,0.3571221973717924,7,90,37,466,0.1618705035971223,60,6,0.13636363636363635,120,9,0.20454545454545456,180,11,0.25
forward_run,3,FB,hist_gradient,0.020584371179134996,17,test,delay100,600,44,0.07333333333333333,0.06937079374940772,0.49697514715500324,0.09945561556573398,0.3571221973717924,4,96,40,460,0.17266187050359713,60,1,0.022727272727272728,120,5,0.11363636363636363,180,11,0.25
forward_run,3,FB,hist_gradient,0.020584371179134996,17,test,coverage0.5,600,44,0.07333333333333333,0.06206390991488561,0.4285480706344016,0.10952303184716498,0.3571221973717924,3,110,41,446,0.19784172661870503,60,0,0.0,120,3,0.06818181818181818,180,10,0.22727272727272727
forward_run,3,FB,hist_gradient,0.020584371179134996,17,test,coverage0.2,600,44,0.07333333333333333,0.11023780382380705,0.5072146827992152,0.12065290464602389,0.3571221973717924,20,203,24,353,0.36510791366906475,60,8,0.18181818181818182,120,11,0.25,180,15,0.3409090909090909
forward_run,3,FB,hist_gradient,0.020584371179134996,17,test,no_current_partition_returns,600,44,0.07333333333333333,0.07333333333333333,0.5,0.07958439606391707,0.3571221973717924,0,0,44,556,0.0,60,4,0.09090909090909091,120,8,0.18181818181818182,180,10,0.22727272727272727
forward_run,3,FB,hist_gradient,0.020584371179134996,29,validation,delay5,397,5,0.012594458438287154,0.03455266411018624,0.5864795918367347,0.06671031158845257,0.3571221973717924,1,39,4,353,0.09948979591836735,39,1,0.2,79,1,0.2,119,2,0.4
forward_run,3,FB,hist_gradient,0.020584371179134996,29,validation,delay50,397,5,0.012594458438287154,0.02070381620589762,0.6150510204081634,0.06398951434105248,0.3571221973717924,0,45,5,347,0.11479591836734694,39,0,0.0,79,2,0.4,119,3,0.6
forward_run,3,FB,hist_gradient,0.020584371179134996,29,validation,delay100,397,5,0.012594458438287154,0.022077070507740205,0.541326530612245,0.06497214657298278,0.3571221973717924,1,46,4,346,0.11734693877551021,39,1,0.2,79,1,0.2,119,2,0.4
forward_run,3,FB,hist_gradient,0.020584371179134996,29,validation,coverage0.5,397,5,0.012594458438287154,0.015770156066868178,0.46352040816326534,0.08966641862583992,0.3571221973717924,0,86,5,306,0.2193877551020408,39,0,0.0,79,0,0.0,119,1,0.2
forward_run,3,FB,hist_gradient,0.020584371179134996,29,validation,coverage0.2,397,5,0.012594458438287154,0.014895201137107145,0.5160714285714285,0.06852404736446015,0.3571221973717924,2,125,3,267,0.31887755102040816,39,0,0.0,79,2,0.4,119,2,0.4
forward_run,3,FB,hist_gradient,0.020584371179134996,29,validation,no_current_partition_returns,397,5,0.012594458438287154,0.012594458438287154,0.5,0.04085369794820058,0.3571221973717924,0,0,5,392,0.0,39,0,0.0,79,2,0.4,119,2,0.4
forward_run,3,FB,hist_gradient,0.020584371179134996,29,test,delay5,600,44,0.07333333333333333,0.05809419162278,0.3835431654676259,0.10141465089016433,0.3571221973717924,4,96,40,460,0.17266187050359713,60,1,0.022727272727272728,120,5,0.11363636363636363,180,10,0.22727272727272727
forward_run,3,FB,hist_gradient,0.020584371179134996,29,test,delay50,600,44,0.07333333333333333,0.06744278078379361,0.42556409417920205,0.0982459822070962,0.3571221973717924,7,90,37,466,0.1618705035971223,60,6,0.13636363636363635,120,9,0.20454545454545456,180,11,0.25
forward_run,3,FB,hist_gradient,0.020584371179134996,29,test,delay100,600,44,0.07333333333333333,0.06937079374940772,0.49697514715500324,0.09945561556573398,0.3571221973717924,4,96,40,460,0.17266187050359713,60,1,0.022727272727272728,120,5,0.11363636363636363,180,11,0.25
forward_run,3,FB,hist_gradient,0.020584371179134996,29,test,coverage0.5,600,44,0.07333333333333333,0.06206390991488561,0.4285480706344016,0.10952303184716498,0.3571221973717924,3,110,41,446,0.19784172661870503,60,0,0.0,120,3,0.06818181818181818,180,10,0.22727272727272727
forward_run,3,FB,hist_gradient,0.020584371179134996,29,test,coverage0.2,600,44,0.07333333333333333,0.11023780382380705,0.5072146827992152,0.12065290464602389,0.3571221973717924,20,203,24,353,0.36510791366906475,60,8,0.18181818181818182,120,11,0.25,180,15,0.3409090909090909
forward_run,3,FB,hist_gradient,0.020584371179134996,29,test,no_current_partition_returns,600,44,0.07333333333333333,0.07333333333333333,0.5,0.07958439606391707,0.3571221973717924,0,0,44,556,0.0,60,4,0.09090909090909091,120,8,0.18181818181818182,180,10,0.22727272727272727
forward_run,3,FB,hist_gradient,0.020584371179134996,43,validation,delay5,397,5,0.012594458438287154,0.03455266411018624,0.5864795918367347,0.06671031158845257,0.3571221973717924,1,39,4,353,0.09948979591836735,39,1,0.2,79,1,0.2,119,2,0.4
forward_run,3,FB,hist_gradient,0.020584371179134996,43,validation,delay50,397,5,0.012594458438287154,0.02070381620589762,0.6150510204081634,0.06398951434105248,0.3571221973717924,0,45,5,347,0.11479591836734694,39,0,0.0,79,2,0.4,119,3,0.6
forward_run,3,FB,hist_gradient,0.020584371179134996,43,validation,delay100,397,5,0.012594458438287154,0.022077070507740205,0.541326530612245,0.06497214657298278,0.3571221973717924,1,46,4,346,0.11734693877551021,39,1,0.2,79,1,0.2,119,2,0.4
forward_run,3,FB,hist_gradient,0.020584371179134996,43,validation,coverage0.5,397,5,0.012594458438287154,0.015770156066868178,0.46352040816326534,0.08966641862583992,0.3571221973717924,0,86,5,306,0.2193877551020408,39,0,0.0,79,0,0.0,119,1,0.2
forward_run,3,FB,hist_gradient,0.020584371179134996,43,validation,coverage0.2,397,5,0.012594458438287154,0.014895201137107145,0.5160714285714285,0.06852404736446015,0.3571221973717924,2,125,3,267,0.31887755102040816,39,0,0.0,79,2,0.4,119,2,0.4
forward_run,3,FB,hist_gradient,0.020584371179134996,43,validation,no_current_partition_returns,397,5,0.012594458438287154,0.012594458438287154,0.5,0.04085369794820058,0.3571221973717924,0,0,5,392,0.0,39,0,0.0,79,2,0.4,119,2,0.4
forward_run,3,FB,hist_gradient,0.020584371179134996,43,test,delay5,600,44,0.07333333333333333,0.05809419162278,0.3835431654676259,0.10141465089016433,0.3571221973717924,4,96,40,460,0.17266187050359713,60,1,0.022727272727272728,120,5,0.11363636363636363,180,10,0.22727272727272727
forward_run,3,FB,hist_gradient,0.020584371179134996,43,test,delay50,600,44,0.07333333333333333,0.06744278078379361,0.42556409417920205,0.0982459822070962,0.3571221973717924,7,90,37,466,0.1618705035971223,60,6,0.13636363636363635,120,9,0.20454545454545456,180,11,0.25
forward_run,3,FB,hist_gradient,0.020584371179134996,43,test,delay100,600,44,0.07333333333333333,0.06937079374940772,0.49697514715500324,0.09945561556573398,0.3571221973717924,4,96,40,460,0.17266187050359713,60,1,0.022727272727272728,120,5,0.11363636363636363,180,11,0.25
forward_run,3,FB,hist_gradient,0.020584371179134996,43,test,coverage0.5,600,44,0.07333333333333333,0.06206390991488561,0.4285480706344016,0.10952303184716498,0.3571221973717924,3,110,41,446,0.19784172661870503,60,0,0.0,120,3,0.06818181818181818,180,10,0.22727272727272727
forward_run,3,FB,hist_gradient,0.020584371179134996,43,test,coverage0.2,600,44,0.07333333333333333,0.11023780382380705,0.5072146827992152,0.12065290464602389,0.3571221973717924,20,203,24,353,0.36510791366906475,60,8,0.18181818181818182,120,11,0.25,180,15,0.3409090909090909
forward_run,3,FB,hist_gradient,0.020584371179134996,43,test,no_current_partition_returns,600,44,0.07333333333333333,0.07333333333333333,0.5,0.07958439606391707,0.3571221973717924,0,0,44,556,0.0,60,4,0.09090909090909091,120,8,0.18181818181818182,180,10,0.22727272727272727
forward_run,3,SH_FB,hist_gradient,0.03442102847792464,17,validation,delay5,397,5,0.012594458438287154,0.03070920307762413,0.689030612244898,0.03442851336265149,0.18229993496337538,2,75,3,317,0.1913265306122449,39,1,0.2,79,2,0.4,119,3,0.6
forward_run,3,SH_FB,hist_gradient,0.03442102847792464,17,validation,delay50,397,5,0.012594458438287154,0.050793808475687756,0.7329081632653062,0.03146721934963103,0.18229993496337538,2,70,3,322,0.17857142857142858,39,2,0.4,79,2,0.4,119,2,0.4
forward_run,3,SH_FB,hist_gradient,0.03442102847792464,17,validation,delay100,397,5,0.012594458438287154,0.030886433720296542,0.7456632653061224,0.031922741403889676,0.18229993496337538,3,86,2,306,0.2193877551020408,39,1,0.2,79,3,0.6,119,3,0.6
forward_run,3,SH_FB,hist_gradient,0.03442102847792464,17,validation,coverage0.5,397,5,0.012594458438287154,0.02694188749570267,0.7298469387755102,0.03530303373759379,0.18229993496337538,2,96,3,296,0.24489795918367346,39,0,0.0,79,1,0.2,119,3,0.6
forward_run,3,SH_FB,hist_gradient,0.03442102847792464,17,validation,coverage0.2,397,5,0.012594458438287154,0.1771591681657316,0.6563775510204082,0.03808922461024322,0.18229993496337538,2,132,3,260,0.336734693877551,39,2,0.4,79,2,0.4,119,2,0.4
forward_run,3,SH_FB,hist_gradient,0.03442102847792464,17,validation,no_current_partition_returns,397,5,0.012594458438287154,0.018880925617767722,0.6028061224489796,0.03571200211418173,0.18229993496337538,1,114,4,278,0.29081632653061223,39,0,0.0,79,1,0.2,119,1,0.2
forward_run,3,SH_FB,hist_gradient,0.03442102847792464,17,test,delay5,600,44,0.07333333333333333,0.058701382458939466,0.41274934597776325,0.21003452747313872,0.18229993496337538,43,538,1,18,0.9676258992805755,60,1,0.022727272727272728,120,4,0.09090909090909091,180,8,0.18181818181818182
forward_run,3,SH_FB,hist_gradient,0.03442102847792464,17,test,delay50,600,44,0.07333333333333333,0.06704969018598952,0.44299787442773053,0.210253473583267,0.18229993496337538,42,518,2,38,0.9316546762589928,60,3,0.06818181818181818,120,6,0.13636363636363635,180,8,0.18181818181818182
forward_run,3,SH_FB,hist_gradient,0.03442102847792464,17,test,delay100,600,44,0.07333333333333333,0.07022933517944116,0.49895765206017006,0.19818182994894737,0.18229993496337538,42,518,2,38,0.9316546762589928,60,3,0.06818181818181818,120,5,0.11363636363636363,180,14,0.3181818181818182
forward_run,3,SH_FB,hist_gradient,0.03442102847792464,17,test,coverage0.5,600,44,0.07333333333333333,0.06485383013553062,0.4642127207325049,0.20710257715964014,0.18229993496337538,42,526,2,30,0.9460431654676259,60,1,0.022727272727272728,120,7,0.1590909090909091,180,11,0.25
forward_run,3,SH_FB,hist_gradient,0.03442102847792464,17,test,coverage0.2,600,44,0.07333333333333333,0.08290346005588263,0.44810742315238716,0.1992204385591495,0.18229993496337538,42,521,2,35,0.9370503597122302,60,4,0.09090909090909091,120,8,0.18181818181818182,180,12,0.2727272727272727
forward_run,3,SH_FB,hist_gradient,0.03442102847792464,17,test,no_current_partition_returns,600,44,0.07333333333333333,0.08776132103073828,0.517679038587312,0.15379063876398955,0.18229993496337538,42,516,2,40,0.9280575539568345,60,6,0.13636363636363635,120,7,0.1590909090909091,180,11,0.25
forward_run,3,SH_FB,hist_gradient,0.03442102847792464,29,validation,delay5,397,5,0.012594458438287154,0.03070920307762413,0.689030612244898,0.03442851336265149,0.18229993496337538,2,75,3,317,0.1913265306122449,39,1,0.2,79,2,0.4,119,3,0.6
forward_run,3,SH_FB,hist_gradient,0.03442102847792464,29,validation,delay50,397,5,0.012594458438287154,0.050793808475687756,0.7329081632653062,0.03146721934963103,0.18229993496337538,2,70,3,322,0.17857142857142858,39,2,0.4,79,2,0.4,119,2,0.4
forward_run,3,SH_FB,hist_gradient,0.03442102847792464,29,validation,delay100,397,5,0.012594458438287154,0.030886433720296542,0.7456632653061224,0.031922741403889676,0.18229993496337538,3,86,2,306,0.2193877551020408,39,1,0.2,79,3,0.6,119,3,0.6
forward_run,3,SH_FB,hist_gradient,0.03442102847792464,29,validation,coverage0.5,397,5,0.012594458438287154,0.02694188749570267,0.7298469387755102,0.03530303373759379,0.18229993496337538,2,96,3,296,0.24489795918367346,39,0,0.0,79,1,0.2,119,3,0.6
forward_run,3,SH_FB,hist_gradient,0.03442102847792464,29,validation,coverage0.2,397,5,0.012594458438287154,0.1771591681657316,0.6563775510204082,0.03808922461024322,0.18229993496337538,2,132,3,260,0.336734693877551,39,2,0.4,79,2,0.4,119,2,0.4
forward_run,3,SH_FB,hist_gradient,0.03442102847792464,29,validation,no_current_partition_returns,397,5,0.012594458438287154,0.018880925617767722,0.6028061224489796,0.03571200211418173,0.18229993496337538,1,114,4,278,0.29081632653061223,39,0,0.0,79,1,0.2,119,1,0.2
forward_run,3,SH_FB,hist_gradient,0.03442102847792464,29,test,delay5,600,44,0.07333333333333333,0.058701382458939466,0.41274934597776325,0.21003452747313872,0.18229993496337538,43,538,1,18,0.9676258992805755,60,1,0.022727272727272728,120,4,0.09090909090909091,180,8,0.18181818181818182
forward_run,3,SH_FB,hist_gradient,0.03442102847792464,29,test,delay50,600,44,0.07333333333333333,0.06704969018598952,0.44299787442773053,0.210253473583267,0.18229993496337538,42,518,2,38,0.9316546762589928,60,3,0.06818181818181818,120,6,0.13636363636363635,180,8,0.18181818181818182
forward_run,3,SH_FB,hist_gradient,0.03442102847792464,29,test,delay100,600,44,0.07333333333333333,0.07022933517944116,0.49895765206017006,0.19818182994894737,0.18229993496337538,42,518,2,38,0.9316546762589928,60,3,0.06818181818181818,120,5,0.11363636363636363,180,14,0.3181818181818182
forward_run,3,SH_FB,hist_gradient,0.03442102847792464,29,test,coverage0.5,600,44,0.07333333333333333,0.06485383013553062,0.4642127207325049,0.20710257715964014,0.18229993496337538,42,526,2,30,0.9460431654676259,60,1,0.022727272727272728,120,7,0.1590909090909091,180,11,0.25
forward_run,3,SH_FB,hist_gradient,0.03442102847792464,29,test,coverage0.2,600,44,0.07333333333333333,0.08290346005588263,0.44810742315238716,0.1992204385591495,0.18229993496337538,42,521,2,35,0.9370503597122302,60,4,0.09090909090909091,120,8,0.18181818181818182,180,12,0.2727272727272727
forward_run,3,SH_FB,hist_gradient,0.03442102847792464,29,test,no_current_partition_returns,600,44,0.07333333333333333,0.08776132103073828,0.517679038587312,0.15379063876398955,0.18229993496337538,42,516,2,40,0.9280575539568345,60,6,0.13636363636363635,120,7,0.1590909090909091,180,11,0.25
forward_run,3,SH_FB,hist_gradient,0.03442102847792464,43,validation,delay5,397,5,0.012594458438287154,0.03070920307762413,0.689030612244898,0.03442851336265149,0.18229993496337538,2,75,3,317,0.1913265306122449,39,1,0.2,79,2,0.4,119,3,0.6
forward_run,3,SH_FB,hist_gradient,0.03442102847792464,43,validation,delay50,397,5,0.012594458438287154,0.050793808475687756,0.7329081632653062,0.03146721934963103,0.18229993496337538,2,70,3,322,0.17857142857142858,39,2,0.4,79,2,0.4,119,2,0.4
forward_run,3,SH_FB,hist_gradient,0.03442102847792464,43,validation,delay100,397,5,0.012594458438287154,0.030886433720296542,0.7456632653061224,0.031922741403889676,0.18229993496337538,3,86,2,306,0.2193877551020408,39,1,0.2,79,3,0.6,119,3,0.6
forward_run,3,SH_FB,hist_gradient,0.03442102847792464,43,validation,coverage0.5,397,5,0.012594458438287154,0.02694188749570267,0.7298469387755102,0.03530303373759379,0.18229993496337538,2,96,3,296,0.24489795918367346,39,0,0.0,79,1,0.2,119,3,0.6
forward_run,3,SH_FB,hist_gradient,0.03442102847792464,43,validation,coverage0.2,397,5,0.012594458438287154,0.1771591681657316,0.6563775510204082,0.03808922461024322,0.18229993496337538,2,132,3,260,0.336734693877551,39,2,0.4,79,2,0.4,119,2,0.4
forward_run,3,SH_FB,hist_gradient,0.03442102847792464,43,validation,no_current_partition_returns,397,5,0.012594458438287154,0.018880925617767722,0.6028061224489796,0.03571200211418173,0.18229993496337538,1,114,4,278,0.29081632653061223,39,0,0.0,79,1,0.2,119,1,0.2
forward_run,3,SH_FB,hist_gradient,0.03442102847792464,43,test,delay5,600,44,0.07333333333333333,0.058701382458939466,0.41274934597776325,0.21003452747313872,0.18229993496337538,43,538,1,18,0.9676258992805755,60,1,0.022727272727272728,120,4,0.09090909090909091,180,8,0.18181818181818182
forward_run,3,SH_FB,hist_gradient,0.03442102847792464,43,test,delay50,600,44,0.07333333333333333,0.06704969018598952,0.44299787442773053,0.210253473583267,0.18229993496337538,42,518,2,38,0.9316546762589928,60,3,0.06818181818181818,120,6,0.13636363636363635,180,8,0.18181818181818182
forward_run,3,SH_FB,hist_gradient,0.03442102847792464,43,test,delay100,600,44,0.07333333333333333,0.07022933517944116,0.49895765206017006,0.19818182994894737,0.18229993496337538,42,518,2,38,0.9316546762589928,60,3,0.06818181818181818,120,5,0.11363636363636363,180,14,0.3181818181818182
forward_run,3,SH_FB,hist_gradient,0.03442102847792464,43,test,coverage0.5,600,44,0.07333333333333333,0.06485383013553062,0.4642127207325049,0.20710257715964014,0.18229993496337538,42,526,2,30,0.9460431654676259,60,1,0.022727272727272728,120,7,0.1590909090909091,180,11,0.25
forward_run,3,SH_FB,hist_gradient,0.03442102847792464,43,test,coverage0.2,600,44,0.07333333333333333,0.08290346005588263,0.44810742315238716,0.1992204385591495,0.18229993496337538,42,521,2,35,0.9370503597122302,60,4,0.09090909090909091,120,8,0.18181818181818182,180,12,0.2727272727272727
forward_run,3,SH_FB,hist_gradient,0.03442102847792464,43,test,no_current_partition_returns,600,44,0.07333333333333333,0.08776132103073828,0.517679038587312,0.15379063876398955,0.18229993496337538,42,516,2,40,0.9280575539568345,60,6,0.13636363636363635,120,7,0.1590909090909091,180,11,0.25
forward_run,3,S_FB,hist_gradient,0.028926647681158175,17,validation,delay5,397,5,0.012594458438287154,0.027819549826926124,0.6007653061224489,0.0358509528282725,0.18449649162869733,2,72,3,320,0.1836734693877551,39,2,0.4,79,2,0.4,119,2,0.4
forward_run,3,S_FB,hist_gradient,0.028926647681158175,17,validation,delay50,397,5,0.012594458438287154,0.039737351884793194,0.6451530612244898,0.03243005828452802,0.18449649162869733,2,70,3,322,0.17857142857142858,39,2,0.4,79,2,0.4,119,2,0.4
forward_run,3,S_FB,hist_gradient,0.028926647681158175,17,validation,delay100,397,5,0.012594458438287154,0.026350637359212288,0.675765306122449,0.03343455357339962,0.18449649162869733,2,75,3,317,0.1913265306122449,39,1,0.2,79,2,0.4,119,2,0.4
forward_run,3,S_FB,hist_gradient,0.028926647681158175,17,validation,coverage0.5,397,5,0.012594458438287154,0.02318228743091566,0.6196428571428572,0.03606550004941948,0.18449649162869733,2,83,3,309,0.21173469387755103,39,1,0.2,79,2,0.4,119,2,0.4
forward_run,3,S_FB,hist_gradient,0.028926647681158175,17,validation,coverage0.2,397,5,0.012594458438287154,0.09977267073285809,0.6028061224489797,0.040023718116589335,0.18449649162869733,2,125,3,267,0.31887755102040816,39,2,0.4,79,2,0.4,119,2,0.4
forward_run,3,S_FB,hist_gradient,0.028926647681158175,17,validation,no_current_partition_returns,397,5,0.012594458438287154,0.02575432630167182,0.5599489795918368,0.04004699797667988,0.18449649162869733,2,141,3,251,0.3596938775510204,39,1,0.2,79,1,0.2,119,2,0.4
forward_run,3,S_FB,hist_gradient,0.028926647681158175,17,test,delay5,600,44,0.07333333333333333,0.05998921961580335,0.4236633420536298,0.22164284935436565,0.18449649162869733,44,540,0,16,0.9712230215827338,60,1,0.022727272727272728,120,3,0.06818181818181818,180,7,0.1590909090909091
forward_run,3,S_FB,hist_gradient,0.028926647681158175,17,test,delay50,600,44,0.07333333333333333,0.06611883767881625,0.4514592871157619,0.22328419948149147,0.18449649162869733,44,534,0,22,0.960431654676259,60,2,0.045454545454545456,120,6,0.13636363636363635,180,11,0.25
forward_run,3,S_FB,hist_gradient,0.028926647681158175,17,test,delay100,600,44,0.07333333333333333,0.061749473666238015,0.4361919555264878,0.2130542303712519,0.18449649162869733,44,534,0,22,0.960431654676259,60,1,0.022727272727272728,120,6,0.13636363636363635,180,9,0.20454545454545456
forward_run,3,S_FB,hist_gradient,0.028926647681158175,17,test,coverage0.5,600,44,0.07333333333333333,0.06567979680590988,0.463497383911053,0.21787331321665998,0.18449649162869733,42,537,2,19,0.9658273381294964,60,1,0.022727272727272728,120,8,0.18181818181818182,180,12,0.2727272727272727
forward_run,3,S_FB,hist_gradient,0.028926647681158175,17,test,coverage0.2,600,44,0.07333333333333333,0.06348927129576709,0.4365394048397646,0.22341977091919304,0.18449649162869733,44,535,0,21,0.9622302158273381,60,2,0.045454545454545456,120,6,0.13636363636363635,180,8,0.18181818181818182
forward_run,3,S_FB,hist_gradient,0.028926647681158175,17,test,no_current_partition_returns,600,44,0.07333333333333333,0.08802665796332662,0.5057431327665141,0.18275797314752645,0.18449649162869733,42,530,2,26,0.9532374100719424,60,6,0.13636363636363635,120,8,0.18181818181818182,180,12,0.2727272727272727
forward_run,3,S_FB,hist_gradient,0.028926647681158175,29,validation,delay5,397,5,0.012594458438287154,0.027819549826926124,0.6007653061224489,0.0358509528282725,0.18449649162869733,2,72,3,320,0.1836734693877551,39,2,0.4,79,2,0.4,119,2,0.4
forward_run,3,S_FB,hist_gradient,0.028926647681158175,29,validation,delay50,397,5,0.012594458438287154,0.039737351884793194,0.6451530612244898,0.03243005828452802,0.18449649162869733,2,70,3,322,0.17857142857142858,39,2,0.4,79,2,0.4,119,2,0.4
forward_run,3,S_FB,hist_gradient,0.028926647681158175,29,validation,delay100,397,5,0.012594458438287154,0.026350637359212288,0.675765306122449,0.03343455357339962,0.18449649162869733,2,75,3,317,0.1913265306122449,39,1,0.2,79,2,0.4,119,2,0.4
forward_run,3,S_FB,hist_gradient,0.028926647681158175,29,validation,coverage0.5,397,5,0.012594458438287154,0.02318228743091566,0.6196428571428572,0.03606550004941948,0.18449649162869733,2,83,3,309,0.21173469387755103,39,1,0.2,79,2,0.4,119,2,0.4
forward_run,3,S_FB,hist_gradient,0.028926647681158175,29,validation,coverage0.2,397,5,0.012594458438287154,0.09977267073285809,0.6028061224489797,0.040023718116589335,0.18449649162869733,2,125,3,267,0.31887755102040816,39,2,0.4,79,2,0.4,119,2,0.4
forward_run,3,S_FB,hist_gradient,0.028926647681158175,29,validation,no_current_partition_returns,397,5,0.012594458438287154,0.02575432630167182,0.5599489795918368,0.04004699797667988,0.18449649162869733,2,141,3,251,0.3596938775510204,39,1,0.2,79,1,0.2,119,2,0.4
forward_run,3,S_FB,hist_gradient,0.028926647681158175,29,test,delay5,600,44,0.07333333333333333,0.05998921961580335,0.4236633420536298,0.22164284935436565,0.18449649162869733,44,540,0,16,0.9712230215827338,60,1,0.022727272727272728,120,3,0.06818181818181818,180,7,0.1590909090909091
forward_run,3,S_FB,hist_gradient,0.028926647681158175,29,test,delay50,600,44,0.07333333333333333,0.06611883767881625,0.4514592871157619,0.22328419948149147,0.18449649162869733,44,534,0,22,0.960431654676259,60,2,0.045454545454545456,120,6,0.13636363636363635,180,11,0.25
forward_run,3,S_FB,hist_gradient,0.028926647681158175,29,test,delay100,600,44,0.07333333333333333,0.061749473666238015,0.4361919555264878,0.2130542303712519,0.18449649162869733,44,534,0,22,0.960431654676259,60,1,0.022727272727272728,120,6,0.13636363636363635,180,9,0.20454545454545456
forward_run,3,S_FB,hist_gradient,0.028926647681158175,29,test,coverage0.5,600,44,0.07333333333333333,0.06567979680590988,0.463497383911053,0.21787331321665998,0.18449649162869733,42,537,2,19,0.9658273381294964,60,1,0.022727272727272728,120,8,0.18181818181818182,180,12,0.2727272727272727
forward_run,3,S_FB,hist_gradient,0.028926647681158175,29,test,coverage0.2,600,44,0.07333333333333333,0.06348927129576709,0.4365394048397646,0.22341977091919304,0.18449649162869733,44,535,0,21,0.9622302158273381,60,2,0.045454545454545456,120,6,0.13636363636363635,180,8,0.18181818181818182
forward_run,3,S_FB,hist_gradient,0.028926647681158175,29,test,no_current_partition_returns,600,44,0.07333333333333333,0.08802665796332662,0.5057431327665141,0.18275797314752645,0.18449649162869733,42,530,2,26,0.9532374100719424,60,6,0.13636363636363635,120,8,0.18181818181818182,180,12,0.2727272727272727
forward_run,3,S_FB,hist_gradient,0.028926647681158175,43,validation,delay5,397,5,0.012594458438287154,0.027819549826926124,0.6007653061224489,0.0358509528282725,0.18449649162869733,2,72,3,320,0.1836734693877551,39,2,0.4,79,2,0.4,119,2,0.4
forward_run,3,S_FB,hist_gradient,0.028926647681158175,43,validation,delay50,397,5,0.012594458438287154,0.039737351884793194,0.6451530612244898,0.03243005828452802,0.18449649162869733,2,70,3,322,0.17857142857142858,39,2,0.4,79,2,0.4,119,2,0.4
forward_run,3,S_FB,hist_gradient,0.028926647681158175,43,validation,delay100,397,5,0.012594458438287154,0.026350637359212288,0.675765306122449,0.03343455357339962,0.18449649162869733,2,75,3,317,0.1913265306122449,39,1,0.2,79,2,0.4,119,2,0.4
forward_run,3,S_FB,hist_gradient,0.028926647681158175,43,validation,coverage0.5,397,5,0.012594458438287154,0.02318228743091566,0.6196428571428572,0.03606550004941948,0.18449649162869733,2,83,3,309,0.21173469387755103,39,1,0.2,79,2,0.4,119,2,0.4
forward_run,3,S_FB,hist_gradient,0.028926647681158175,43,validation,coverage0.2,397,5,0.012594458438287154,0.09977267073285809,0.6028061224489797,0.040023718116589335,0.18449649162869733,2,125,3,267,0.31887755102040816,39,2,0.4,79,2,0.4,119,2,0.4
forward_run,3,S_FB,hist_gradient,0.028926647681158175,43,validation,no_current_partition_returns,397,5,0.012594458438287154,0.02575432630167182,0.5599489795918368,0.04004699797667988,0.18449649162869733,2,141,3,251,0.3596938775510204,39,1,0.2,79,1,0.2,119,2,0.4
forward_run,3,S_FB,hist_gradient,0.028926647681158175,43,test,delay5,600,44,0.07333333333333333,0.05998921961580335,0.4236633420536298,0.22164284935436565,0.18449649162869733,44,540,0,16,0.9712230215827338,60,1,0.022727272727272728,120,3,0.06818181818181818,180,7,0.1590909090909091
forward_run,3,S_FB,hist_gradient,0.028926647681158175,43,test,delay50,600,44,0.07333333333333333,0.06611883767881625,0.4514592871157619,0.22328419948149147,0.18449649162869733,44,534,0,22,0.960431654676259,60,2,0.045454545454545456,120,6,0.13636363636363635,180,11,0.25
forward_run,3,S_FB,hist_gradient,0.028926647681158175,43,test,delay100,600,44,0.07333333333333333,0.061749473666238015,0.4361919555264878,0.2130542303712519,0.18449649162869733,44,534,0,22,0.960431654676259,60,1,0.022727272727272728,120,6,0.13636363636363635,180,9,0.20454545454545456
forward_run,3,S_FB,hist_gradient,0.028926647681158175,43,test,coverage0.5,600,44,0.07333333333333333,0.06567979680590988,0.463497383911053,0.21787331321665998,0.18449649162869733,42,537,2,19,0.9658273381294964,60,1,0.022727272727272728,120,8,0.18181818181818182,180,12,0.2727272727272727
forward_run,3,S_FB,hist_gradient,0.028926647681158175,43,test,coverage0.2,600,44,0.07333333333333333,0.06348927129576709,0.4365394048397646,0.22341977091919304,0.18449649162869733,44,535,0,21,0.9622302158273381,60,2,0.045454545454545456,120,6,0.13636363636363635,180,8,0.18181818181818182
forward_run,3,S_FB,hist_gradient,0.028926647681158175,43,test,no_current_partition_returns,600,44,0.07333333333333333,0.08802665796332662,0.5057431327665141,0.18275797314752645,0.18449649162869733,42,530,2,26,0.9532374100719424,60,6,0.13636363636363635,120,8,0.18181818181818182,180,12,0.2727272727272727
forward_run,4,FB,random_forest,0.0958392741002413,17,validation,delay5,600,44,0.07333333333333333,0.08727160564996364,0.5158396010464356,0.07229271770082013,0.16136948413357674,8,109,36,447,0.1960431654676259,60,7,0.1590909090909091,120,8,0.18181818181818182,180,13,0.29545454545454547
forward_run,4,FB,random_forest,0.0958392741002413,17,validation,delay50,600,44,0.07333333333333333,0.07338998888541573,0.4015287769784172,0.07546042700073066,0.16136948413357674,8,102,36,454,0.18345323741007194,60,4,0.09090909090909091,120,9,0.20454545454545456,180,9,0.20454545454545456
forward_run,4,FB,random_forest,0.0958392741002413,17,validation,delay100,600,44,0.07333333333333333,0.06529152012986425,0.4463293001962067,0.07394400189644496,0.16136948413357674,6,106,38,450,0.1906474820143885,60,4,0.09090909090909091,120,6,0.13636363636363635,180,9,0.20454545454545456
forward_run,4,FB,random_forest,0.0958392741002413,17,validation,coverage0.5,600,44,0.07333333333333333,0.06664406507148957,0.4388489208633094,0.07695021331851415,0.16136948413357674,12,174,32,382,0.3129496402877698,60,3,0.06818181818181818,120,6,0.13636363636363635,180,12,0.2727272727272727
forward_run,4,FB,random_forest,0.0958392741002413,17,validation,coverage0.2,600,44,0.07333333333333333,0.10699345069541644,0.5084000981033355,0.08137040405564494,0.16136948413357674,25,282,19,274,0.5071942446043165,60,8,0.18181818181818182,120,13,0.29545454545454547,180,13,0.29545454545454547
forward_run,4,FB,random_forest,0.0958392741002413,17,validation,no_current_partition_returns,600,44,0.07333333333333333,0.07333333333333333,0.5,0.0712907810592197,0.16136948413357674,0,0,44,556,0.0,60,4,0.09090909090909091,120,8,0.18181818181818182,180,10,0.22727272727272727
forward_run,4,FB,random_forest,0.0958392741002413,17,test,delay5,725,298,0.4110344827586207,0.5206476109045517,0.6332654857520079,0.2347819431660873,0.16136948413357674,287,379,11,48,0.8875878220140515,72,44,0.1476510067114094,145,76,0.2550335570469799,217,116,0.38926174496644295
forward_run,4,FB,random_forest,0.0958392741002413,17,test,delay50,725,298,0.4110344827586207,0.4751712826405427,0.5821047419958191,0.24546670878801305,0.16136948413357674,272,388,26,39,0.9086651053864169,72,36,0.12080536912751678,145,81,0.27181208053691275,217,110,0.3691275167785235
forward_run,4,FB,random_forest,0.0958392741002413,17,test,delay100,725,298,0.4110344827586207,0.418788959801063,0.505748707228518,0.2625882053191222,0.16136948413357674,249,379,49,48,0.8875878220140515,72,28,0.09395973154362416,145,51,0.17114093959731544,217,88,0.2953020134228188
forward_run,4,FB,random_forest,0.0958392741002413,17,test,coverage0.5,725,298,0.4110344827586207,0.45744285519657596,0.5795506342046115,0.2525384083076058,0.16136948413357674,280,400,18,27,0.936768149882904,72,35,0.1174496644295302,145,66,0.2214765100671141,217,104,0.348993288590604
forward_run,4,FB,random_forest,0.0958392741002413,17,test,coverage0.2,725,298,0.4110344827586207,0.4032028713983782,0.4986482875689608,0.27069193180642004,0.16136948413357674,282,408,16,19,0.955503512880562,72,26,0.087248322147651,145,55,0.18456375838926176,217,86,0.28859060402684567
forward_run,4,FB,random_forest,0.0958392741002413,17,test,no_current_partition_returns,725,298,0.4110344827586207,0.4110344827586207,0.5,0.32045699263524846,0.16136948413357674,0,0,298,427,0.0,72,22,0.0738255033557047,145,55,0.18456375838926176,217,89,0.2986577181208054
forward_run,4,FB,random_forest,0.0958392741002413,29,validation,delay5,600,44,0.07333333333333333,0.08718578681827854,0.5115680183126227,0.07257596284101475,0.16391533607532457,9,108,35,448,0.19424460431654678,60,6,0.13636363636363635,120,9,0.20454545454545456,180,13,0.29545454545454547
forward_run,4,FB,random_forest,0.0958392741002413,29,validation,delay50,600,44,0.07333333333333333,0.07641916435119878,0.4081507521255723,0.07560061050757176,0.16391533607532457,8,102,36,454,0.18345323741007194,60,5,0.11363636363636363,120,8,0.18181818181818182,180,12,0.2727272727272727
forward_run,4,FB,random_forest,0.0958392741002413,29,validation,delay100,600,44,0.07333333333333333,0.06712217160151632,0.45139797253106606,0.07414523315440857,0.16391533607532457,6,104,38,452,0.18705035971223022,60,4,0.09090909090909091,120,7,0.1590909090909091,180,9,0.20454545454545456
forward_run,4,FB,random_forest,0.0958392741002413,29,validation,coverage0.5,600,44,0.07333333333333333,0.0665397475305969,0.4420372792674951,0.07842905054765213,0.16391533607532457,12,176,32,380,0.31654676258992803,60,3,0.06818181818181818,120,6,0.13636363636363635,180,12,0.2727272727272727
forward_run,4,FB,random_forest,0.0958392741002413,29,validation,coverage0.2,600,44,0.07333333333333333,0.104292260720764,0.511057063440157,0.08299426907114599,0.16391533607532457,23,283,21,273,0.5089928057553957,60,8,0.18181818181818182,120,12,0.2727272727272727,180,13,0.29545454545454547
forward_run,4,FB,random_forest,0.0958392741002413,29,validation,no_current_partition_returns,600,44,0.07333333333333333,0.07333333333333333,0.5,0.0707785767533456,0.16391533607532457,0,0,44,556,0.0,60,4,0.09090909090909091,120,8,0.18181818181818182,180,10,0.22727272727272727
forward_run,4,FB,random_forest,0.0958392741002413,29,test,delay5,725,298,0.4110344827586207,0.5238083204932085,0.6330336513524983,0.23393548549761795,0.16391533607532457,287,376,11,51,0.8805620608899297,72,44,0.1476510067114094,145,77,0.25838926174496646,217,116,0.38926174496644295
forward_run,4,FB,random_forest,0.0958392741002413,29,test,delay50,725,298,0.4110344827586207,0.47506366270875977,0.5798689153293621,0.2457388763148594,0.16391533607532457,271,387,27,40,0.9063231850117096,72,37,0.12416107382550336,145,78,0.26174496644295303,217,107,0.35906040268456374
forward_run,4,FB,random_forest,0.0958392741002413,29,test,delay100,725,298,0.4110344827586207,0.41815607591286075,0.5082949562265218,0.2618104804660719,0.16391533607532457,248,379,50,48,0.8875878220140515,72,28,0.09395973154362416,145,53,0.17785234899328858,217,86,0.28859060402684567
forward_run,4,FB,random_forest,0.0958392741002413,29,test,coverage0.5,725,298,0.4110344827586207,0.4515116617557041,0.574014114392594,0.25213139634630016,0.16391533607532457,281,404,17,23,0.9461358313817331,72,35,0.1174496644295302,145,62,0.2080536912751678,217,91,0.3053691275167785
forward_run,4,FB,random_forest,0.0958392741002413,29,test,coverage0.2,725,298,0.4110344827586207,0.3994916322696013,0.49946560206214735,0.2681739577957777,0.16391533607532457,282,403,16,24,0.9437939110070258,72,24,0.08053691275167785,145,56,0.18791946308724833,217,81,0.27181208053691275
forward_run,4,FB,random_forest,0.0958392741002413,29,test,no_current_partition_returns,725,298,0.4110344827586207,0.4110344827586207,0.5,0.3230646744875585,0.16391533607532457,0,0,298,427,0.0,72,22,0.0738255033557047,145,55,0.18456375838926176,217,89,0.2986577181208054
forward_run,4,FB,random_forest,0.0958392741002413,43,validation,delay5,600,44,0.07333333333333333,0.08333941491569358,0.5120789731850882,0.07301473243576179,0.16875129332038016,9,108,35,448,0.19424460431654678,60,6,0.13636363636363635,120,9,0.20454545454545456,180,11,0.25
forward_run,4,FB,random_forest,0.0958392741002413,43,validation,delay50,600,44,0.07333333333333333,0.07443923530705664,0.40228499018966646,0.07615825836739175,0.16875129332038016,9,101,35,455,0.18165467625899281,60,4,0.09090909090909091,120,9,0.20454545454545456,180,13,0.29545454545454547
forward_run,4,FB,random_forest,0.0958392741002413,43,validation,delay100,600,44,0.07333333333333333,0.0659283760795797,0.4414036952256377,0.07464179870753658,0.16875129332038016,6,106,38,450,0.1906474820143885,60,4,0.09090909090909091,120,6,0.13636363636363635,180,9,0.20454545454545456
forward_run,4,FB,random_forest,0.0958392741002413,43,validation,coverage0.5,600,44,0.07333333333333333,0.07060569564777863,0.4390533028122956,0.0795135849982413,0.16875129332038016,12,186,32,370,0.3345323741007194,60,3,0.06818181818181818,120,8,0.18181818181818182,180,11,0.25
forward_run,4,FB,random_forest,0.0958392741002413,43,validation,coverage0.2,600,44,0.07333333333333333,0.11154655367865225,0.5077869522563767,0.08365819905119193,0.16875129332038016,21,269,23,287,0.48381294964028776,60,8,0.18181818181818182,120,13,0.29545454545454547,180,13,0.29545454545454547
forward_run,4,FB,random_forest,0.0958392741002413,43,validation,no_current_partition_returns,600,44,0.07333333333333333,0.07333333333333333,0.5,0.07092052892809209,0.16875129332038016,0,0,44,556,0.0,60,4,0.09090909090909091,120,8,0.18181818181818182,180,10,0.22727272727272727
forward_run,4,FB,random_forest,0.0958392741002413,43,test,delay5,725,298,0.4110344827586207,0.5302204509956006,0.6350258554296402,0.23361511893647005,0.16875129332038016,286,372,12,55,0.8711943793911007,72,44,0.1476510067114094,145,76,0.2550335570469799,217,114,0.3825503355704698
forward_run,4,FB,random_forest,0.0958392741002413,43,test,delay50,725,298,0.4110344827586207,0.48202149754704354,0.5865921129151408,0.24487910862887644,0.16875129332038016,271,384,27,43,0.8992974238875878,72,38,0.12751677852348994,145,79,0.2651006711409396,217,111,0.3724832214765101
forward_run,4,FB,random_forest,0.0958392741002413,43,test,delay100,725,298,0.4110344827586207,0.41725514000121977,0.5079138047561417,0.26291031836159856,0.16875129332038016,248,378,50,49,0.8852459016393442,72,27,0.09060402684563758,145,54,0.18120805369127516,217,91,0.3053691275167785
forward_run,4,FB,random_forest,0.0958392741002413,43,test,coverage0.5,725,298,0.4110344827586207,0.4605114806601711,0.5805722773210946,0.2513202431354814,0.16875129332038016,280,395,18,32,0.9250585480093677,72,36,0.12080536912751678,145,68,0.22818791946308725,217,97,0.32550335570469796
forward_run,4,FB,random_forest,0.0958392741002413,43,test,coverage0.2,725,298,0.4110344827586207,0.3889183574180627,0.487645977083759,0.2701306166276041,0.16875129332038016,280,408,18,19,0.955503512880562,72,23,0.07718120805369127,145,51,0.17114093959731544,217,83,0.2785234899328859
forward_run,4,FB,random_forest,0.0958392741002413,43,test,no_current_partition_returns,725,298,0.4110344827586207,0.4110344827586207,0.5,0.3223154615219953,0.16875129332038016,0,0,298,427,0.0,72,22,0.0738255033557047,145,55,0.18456375838926176,217,89,0.2986577181208054
forward_run,4,SH_FB,catboost,0.09018753738577977,17,validation,delay5,600,44,0.07333333333333333,0.09264758009289979,0.5611919555264879,0.06776055683141988,0.08512307235009352,10,102,34,454,0.18345323741007194,60,6,0.13636363636363635,120,11,0.25,180,17,0.38636363636363635
forward_run,4,SH_FB,catboost,0.09018753738577977,17,validation,delay50,600,44,0.07333333333333333,0.08980908642375017,0.5497056899934598,0.06786641985425095,0.08512307235009352,10,110,34,446,0.19784172661870503,60,5,0.11363636363636363,120,10,0.22727272727272727,180,18,0.4090909090909091
forward_run,4,SH_FB,catboost,0.09018753738577977,17,validation,delay100,600,44,0.07333333333333333,0.0963085946400525,0.5584327992151733,0.06776709990910333,0.08512307235009352,12,100,32,456,0.17985611510791366,60,5,0.11363636363636363,120,13,0.29545454545454547,180,19,0.4318181818181818
forward_run,4,SH_FB,catboost,0.09018753738577977,17,validation,coverage0.5,600,44,0.07333333333333333,0.09738026864469582,0.5640328646173971,0.06773509744613998,0.08512307235009352,14,119,30,437,0.21402877697841727,60,5,0.11363636363636363,120,13,0.29545454545454547,180,17,0.38636363636363635
forward_run,4,SH_FB,catboost,0.09018753738577977,17,validation,coverage0.2,600,44,0.07333333333333333,0.0936720107172008,0.5381172334859385,0.06805445135665622,0.08512307235009352,15,150,29,406,0.2697841726618705,60,6,0.13636363636363635,120,9,0.20454545454545456,180,16,0.36363636363636365
forward_run,4,SH_FB,catboost,0.09018753738577977,17,validation,no_current_partition_returns,600,44,0.07333333333333333,0.09354043928081501,0.5612123937213865,0.0677906764463234,0.08512307235009352,6,72,38,484,0.12949640287769784,60,5,0.11363636363636363,120,11,0.25,180,17,0.38636363636363635
forward_run,4,SH_FB,catboost,0.09018753738577977,17,test,delay5,725,298,0.4110344827586207,0.4586415139111339,0.5879084607767632,0.3293674552071537,0.08512307235009352,248,274,50,153,0.6416861826697893,72,31,0.1040268456375839,145,64,0.21476510067114093,217,90,0.30201342281879195
forward_run,4,SH_FB,catboost,0.09018753738577977,17,test,delay50,725,298,0.4110344827586207,0.4189136285581016,0.5261108404193453,0.3336566842394522,0.08512307235009352,229,295,69,132,0.6908665105386417,72,32,0.10738255033557047,145,57,0.1912751677852349,217,84,0.28187919463087246
forward_run,4,SH_FB,catboost,0.09018753738577977,17,test,delay100,725,298,0.4110344827586207,0.40179120581357386,0.4921097716234695,0.3374264023339619,0.08512307235009352,211,297,87,130,0.6955503512880562,72,26,0.087248322147651,145,50,0.16778523489932887,217,84,0.28187919463087246
forward_run,4,SH_FB,catboost,0.09018753738577977,17,test,coverage0.5,725,298,0.4110344827586207,0.44181518433723665,0.5638291184005784,0.3344318965842974,0.08512307235009352,217,257,81,170,0.6018735362997658,72,30,0.10067114093959731,145,61,0.20469798657718122,217,92,0.3087248322147651
forward_run,4,SH_FB,catboost,0.09018753738577977,17,test,coverage0.2,725,298,0.4110344827586207,0.43352668637895186,0.5541628027600082,0.3377315152068664,0.08512307235009352,201,245,97,182,0.5737704918032787,72,29,0.09731543624161074,145,63,0.21140939597315436,217,93,0.31208053691275167
forward_run,4,SH_FB,catboost,0.09018753738577977,17,test,no_current_partition_returns,725,298,0.4110344827586207,0.4603803626070528,0.5480683086305267,0.3802245575704874,0.08512307235009352,1,1,297,426,0.00234192037470726,72,36,0.12080536912751678,145,65,0.2181208053691275,217,97,0.32550335570469796
forward_run,4,SH_FB,catboost,0.09018753738577977,29,validation,delay5,600,44,0.07333333333333333,0.09525351870093267,0.5891718443427076,0.06850177323417996,0.05189804017674436,10,110,34,446,0.19784172661870503,60,6,0.13636363636363635,120,10,0.22727272727272727,180,18,0.4090909090909091
forward_run,4,SH_FB,catboost,0.09018753738577977,29,validation,delay50,600,44,0.07333333333333333,0.09553611054408222,0.5782578482668411,0.06855749222482167,0.05189804017674436,11,116,33,440,0.20863309352517986,60,6,0.13636363636363635,120,11,0.25,180,18,0.4090909090909091
forward_run,4,SH_FB,catboost,0.09018753738577977,29,validation,delay100,600,44,0.07333333333333333,0.10123834322713765,0.6006172334859385,0.06849801444373929,0.05189804017674436,9,112,35,444,0.2014388489208633,60,6,0.13636363636363635,120,9,0.20454545454545456,180,18,0.4090909090909091
forward_run,4,SH_FB,catboost,0.09018753738577977,29,validation,coverage0.5,600,44,0.07333333333333333,0.08434103659176496,0.5732300523217788,0.06865528462352481,0.05189804017674436,9,98,35,458,0.17625899280575538,60,3,0.06818181818181818,120,10,0.22727272727272727,180,15,0.3409090909090909
forward_run,4,SH_FB,catboost,0.09018753738577977,29,validation,coverage0.2,600,44,0.07333333333333333,0.08668174488830632,0.5685701438848921,0.06860940091843923,0.05189804017674436,14,142,30,414,0.25539568345323743,60,3,0.06818181818181818,120,9,0.20454545454545456,180,18,0.4090909090909091
forward_run,4,SH_FB,catboost,0.09018753738577977,29,validation,no_current_partition_returns,600,44,0.07333333333333333,0.08992585562871544,0.5780534663178547,0.06862426063991041,0.05189804017674436,7,86,37,470,0.15467625899280577,60,4,0.09090909090909091,120,9,0.20454545454545456,180,14,0.3181818181818182
forward_run,4,SH_FB,catboost,0.09018753738577977,29,test,delay5,725,298,0.4110344827586207,0.45191307269657394,0.5564929349449099,0.35839501285926056,0.05189804017674436,241,305,57,122,0.7142857142857143,72,35,0.1174496644295302,145,61,0.20469798657718122,217,92,0.3087248322147651
forward_run,4,SH_FB,catboost,0.09018753738577977,29,test,delay50,725,298,0.4110344827586207,0.4079759165407868,0.47612105685051004,0.3617238865321836,0.05189804017674436,235,334,63,93,0.7822014051522248,72,29,0.09731543624161074,145,49,0.1644295302013423,217,81,0.27181208053691275
forward_run,4,SH_FB,catboost,0.09018753738577977,29,test,delay100,725,298,0.4110344827586207,0.3569448281683867,0.42747119752290835,0.3657219011287733,0.05189804017674436,223,334,75,93,0.7822014051522248,72,22,0.0738255033557047,145,38,0.12751677852348994,217,64,0.21476510067114093
forward_run,4,SH_FB,catboost,0.09018753738577977,29,test,coverage0.5,725,298,0.4110344827586207,0.44225532211249785,0.5546893419046571,0.3633662083345848,0.05189804017674436,201,242,97,185,0.5667447306791569,72,33,0.11073825503355705,145,57,0.1912751677852349,217,89,0.2986577181208054
forward_run,4,SH_FB,catboost,0.09018753738577977,29,test,coverage0.2,725,298,0.4110344827586207,0.4349454963046114,0.5421702843311381,0.36325142866376925,0.05189804017674436,197,248,101,179,0.5807962529274004,72,33,0.11073825503355705,145,58,0.19463087248322147,217,92,0.3087248322147651
forward_run,4,SH_FB,catboost,0.09018753738577977,29,test,no_current_partition_returns,725,298,0.4110344827586207,0.4274659255664751,0.46273360262798047,0.3900440146116224,0.05189804017674436,41,38,257,389,0.08899297423887588,72,39,0.13087248322147652,145,61,0.20469798657718122,217,91,0.3053691275167785
forward_run,4,SH_FB,catboost,0.09018753738577977,43,validation,delay5,600,44,0.07333333333333333,0.08357730813766792,0.523749182472204,0.06978340136986699,0.13404740730540113,9,112,35,444,0.2014388489208633,60,6,0.13636363636363635,120,9,0.20454545454545456,180,13,0.29545454545454547
forward_run,4,SH_FB,catboost,0.09018753738577977,43,validation,delay50,600,44,0.07333333333333333,0.09146435496073736,0.5525261608894703,0.06963762423548804,0.13404740730540113,11,115,33,441,0.2068345323741007,60,7,0.1590909090909091,120,10,0.22727272727272727,180,15,0.3409090909090909
forward_run,4,SH_FB,catboost,0.09018753738577977,43,validation,delay100,600,44,0.07333333333333333,0.10177412552211541,0.5718198168737737,0.06936776920171894,0.13404740730540113,13,98,31,458,0.17625899280575538,60,7,0.1590909090909091,120,15,0.3409090909090909,180,19,0.4318181818181818
forward_run,4,SH_FB,catboost,0.09018753738577977,43,validation,coverage0.5,600,44,0.07333333333333333,0.09287977587580504,0.5491742969260955,0.06955493936556223,0.13404740730540113,9,99,35,457,0.17805755395683454,60,5,0.11363636363636363,120,10,0.22727272727272727,180,17,0.38636363636363635
forward_run,4,SH_FB,catboost,0.09018753738577977,43,validation,coverage0.2,600,44,0.07333333333333333,0.08556570560643181,0.5331507521255723,0.07001452744694021,0.13404740730540113,8,97,36,459,0.17446043165467626,60,6,0.13636363636363635,120,10,0.22727272727272727,180,15,0.3409090909090909
forward_run,4,SH_FB,catboost,0.09018753738577977,43,validation,no_current_partition_returns,600,44,0.07333333333333333,0.09014280083625684,0.5371157619359058,0.06842695236535765,0.13404740730540113,0,1,44,555,0.0017985611510791368,60,6,0.13636363636363635,120,10,0.22727272727272727,180,14,0.3181818181818182
forward_run,4,SH_FB,catboost,0.09018753738577977,43,test,delay5,725,298,0.4110344827586207,0.47579171609137205,0.603001273124499,0.3327411595998716,0.13404740730540113,53,61,245,366,0.14285714285714285,72,36,0.12080536912751678,145,68,0.22818791946308725,217,102,0.3422818791946309
forward_run,4,SH_FB,catboost,0.09018753738577977,43,test,delay50,725,298,0.4110344827586207,0.42202719241156306,0.5348616066516826,0.3385098179339466,0.13404740730540113,30,47,268,380,0.11007025761124122,72,29,0.09731543624161074,145,57,0.1912751677852349,217,86,0.28859060402684567
forward_run,4,SH_FB,catboost,0.09018753738577977,43,test,delay100,725,298,0.4110344827586207,0.4145604598417586,0.507960957515364,0.3430415010217163,0.13404740730540113,12,21,286,406,0.04918032786885246,72,29,0.09731543624161074,145,53,0.17785234899328858,217,90,0.30201342281879195
forward_run,4,SH_FB,catboost,0.09018753738577977,43,test,coverage0.5,725,298,0.4110344827586207,0.4550477375583173,0.5834918189962749,0.33992727021520475,0.13404740730540113,42,54,256,373,0.12646370023419204,72,31,0.1040268456375839,145,65,0.2181208053691275,217,103,0.34563758389261745
forward_run,4,SH_FB,catboost,0.09018753738577977,43,test,coverage0.2,725,298,0.4110344827586207,0.45669452971673435,0.5787018845386103,0.34188358316492423,0.13404740730540113,32,39,266,388,0.09133489461358314,72,33,0.11073825503355705,145,69,0.23154362416107382,217,103,0.34563758389261745
forward_run,4,SH_FB,catboost,0.09018753738577977,43,test,no_current_partition_returns,725,298,0.4110344827586207,0.4662248453713548,0.5568819452084938,0.3828989200299596,0.13404740730540113,0,0,298,427,0.0,72,36,0.12080536912751678,145,65,0.2181208053691275,217,95,0.3187919463087248
forward_run,4,S_FB,catboost,0.08255232330722578,17,validation,delay5,600,44,0.07333333333333333,0.07729361347788366,0.4877166448659254,0.0693388620232781,0.11685696114428587,11,120,33,436,0.2158273381294964,60,4,0.09090909090909091,120,8,0.18181818181818182,180,16,0.36363636363636365
forward_run,4,S_FB,catboost,0.08255232330722578,17,validation,delay50,600,44,0.07333333333333333,0.08491147118333608,0.48463047743623283,0.06927116387201482,0.11685696114428587,8,91,36,465,0.16366906474820145,60,4,0.09090909090909091,120,10,0.22727272727272727,180,14,0.3181818181818182
forward_run,4,S_FB,catboost,0.08255232330722578,17,validation,delay100,600,44,0.07333333333333333,0.07619507043470264,0.4899239699149771,0.06901056569488313,0.11685696114428587,5,82,39,474,0.1474820143884892,60,4,0.09090909090909091,120,11,0.25,180,13,0.29545454545454547
forward_run,4,S_FB,catboost,0.08255232330722578,17,validation,coverage0.5,600,44,0.07333333333333333,0.07502814358673512,0.4723879986919555,0.06933802571574921,0.11685696114428587,8,84,36,472,0.1510791366906475,60,3,0.06818181818181818,120,9,0.20454545454545456,180,11,0.25
forward_run,4,S_FB,catboost,0.08255232330722578,17,validation,coverage0.2,600,44,0.07333333333333333,0.07449482212199504,0.47586249182472207,0.06971409202014955,0.11685696114428587,9,126,35,430,0.22661870503597123,60,4,0.09090909090909091,120,8,0.18181818181818182,180,12,0.2727272727272727
forward_run,4,S_FB,catboost,0.08255232330722578,17,validation,no_current_partition_returns,600,44,0.07333333333333333,0.07529097534414161,0.4924174296926096,0.0687189936923448,0.11685696114428587,2,52,42,504,0.09352517985611511,60,2,0.045454545454545456,120,7,0.1590909090909091,180,15,0.3409090909090909
forward_run,4,S_FB,catboost,0.08255232330722578,17,test,delay5,725,298,0.4110344827586207,0.47796652007365925,0.6063412602360782,0.31663066992072597,0.11685696114428587,216,229,82,198,0.5362997658079626,72,30,0.10067114093959731,145,64,0.21476510067114093,217,101,0.3389261744966443
forward_run,4,S_FB,catboost,0.08255232330722578,17,test,delay50,725,298,0.4110344827586207,0.4383507420149858,0.5481193907863509,0.32246715366078765,0.11685696114428587,199,263,99,164,0.6159250585480094,72,30,0.10067114093959731,145,64,0.21476510067114093,217,95,0.3187919463087248
forward_run,4,S_FB,catboost,0.08255232330722578,17,test,delay100,725,298,0.4110344827586207,0.4199329825257878,0.5053675557581377,0.32807373581235133,0.11685696114428587,171,241,127,186,0.5644028103044496,72,27,0.09060402684563758,145,54,0.18120805369127516,217,89,0.2986577181208054
forward_run,4,S_FB,catboost,0.08255232330722578,17,test,coverage0.5,725,298,0.4110344827586207,0.44640786162626467,0.573346116970278,0.3279724467845267,0.11685696114428587,164,196,134,231,0.45901639344262296,72,33,0.11073825503355705,145,62,0.2080536912751678,217,95,0.3187919463087248
forward_run,4,S_FB,catboost,0.08255232330722578,17,test,coverage0.2,725,298,0.4110344827586207,0.45185177974432067,0.5710277729751819,0.33506542511515863,0.11685696114428587,123,144,175,283,0.3372365339578454,72,34,0.11409395973154363,145,66,0.2214765100671141,217,101,0.3389261744966443
forward_run,4,S_FB,catboost,0.08255232330722578,17,test,no_current_partition_returns,725,298,0.4110344827586207,0.4632403127198258,0.5580529053958474,0.3775443304594082,0.11685696114428587,14,10,284,417,0.0234192037470726,72,36,0.12080536912751678,145,66,0.2214765100671141,217,92,0.3087248322147651
forward_run,4,S_FB,catboost,0.08255232330722578,29,validation,delay5,600,44,0.07333333333333333,0.08688506612903409,0.5731687377370831,0.06920541402138967,0.13055646882961788,8,113,36,443,0.20323741007194246,60,5,0.11363636363636363,120,8,0.18181818181818182,180,16,0.36363636363636365
forward_run,4,S_FB,catboost,0.08255232330722578,29,validation,delay50,600,44,0.07333333333333333,0.09117442488819529,0.5806286788750816,0.06924381236161282,0.13055646882961788,7,106,37,450,0.1906474820143885,60,3,0.06818181818181818,120,8,0.18181818181818182,180,19,0.4318181818181818
forward_run,4,S_FB,catboost,0.08255232330722578,29,validation,delay100,600,44,0.07333333333333333,0.09230434738350299,0.578155657292348,0.06914447764633373,0.13055646882961788,10,100,34,456,0.17985611510791366,60,4,0.09090909090909091,120,11,0.25,180,18,0.4090909090909091
forward_run,4,S_FB,catboost,0.08255232330722578,29,validation,coverage0.5,600,44,0.07333333333333333,0.10085428505769811,0.5857382275997384,0.06919191457422036,0.13055646882961788,14,126,30,430,0.22661870503597123,60,5,0.11363636363636363,120,9,0.20454545454545456,180,17,0.38636363636363635
forward_run,4,S_FB,catboost,0.08255232330722578,29,validation,coverage0.2,600,44,0.07333333333333333,0.0904306737310736,0.5831017004578156,0.07013529906189488,0.13055646882961788,14,126,30,430,0.22661870503597123,60,3,0.06818181818181818,120,10,0.22727272727272727,180,18,0.4090909090909091
forward_run,4,S_FB,catboost,0.08255232330722578,29,validation,no_current_partition_returns,600,44,0.07333333333333333,0.08669875324788544,0.5863309352517986,0.06829429967827126,0.13055646882961788,1,20,43,536,0.03597122302158273,60,2,0.045454545454545456,120,7,0.1590909090909091,180,16,0.36363636363636365
forward_run,4,S_FB,catboost,0.08255232330722578,29,test,delay5,725,298,0.4110344827586207,0.4659276252476318,0.5888436571680054,0.3045535500015365,0.13055646882961788,235,258,63,169,0.6042154566744731,72,34,0.11409395973154363,145,61,0.20469798657718122,217,92,0.3087248322147651
forward_run,4,S_FB,catboost,0.08255232330722578,29,test,delay50,725,298,0.4110344827586207,0.3993488737601857,0.5036621976329315,0.31192895243675184,0.13055646882961788,200,276,98,151,0.6463700234192038,72,30,0.10067114093959731,145,47,0.15771812080536912,217,76,0.2550335570469799
forward_run,4,S_FB,catboost,0.08255232330722578,29,test,delay100,725,298,0.4110344827586207,0.3727221216522425,0.46629363594926365,0.31653486178602463,0.13055646882961788,187,285,111,142,0.667447306791569,72,19,0.06375838926174497,145,45,0.15100671140939598,217,78,0.26174496644295303
forward_run,4,S_FB,catboost,0.08255232330722578,29,test,coverage0.5,725,298,0.4110344827586207,0.43916033947736466,0.5505674048693083,0.312747153679501,0.13055646882961788,196,238,102,189,0.5573770491803278,72,31,0.1040268456375839,145,53,0.17785234899328858,217,88,0.2953020134228188
forward_run,4,S_FB,catboost,0.08255232330722578,29,test,coverage0.2,725,298,0.4110344827586207,0.4350811794854917,0.5498994074469925,0.3137179938087587,0.13055646882961788,193,234,105,193,0.5480093676814989,72,32,0.10738255033557047,145,55,0.18456375838926176,217,92,0.3087248322147651
forward_run,4,S_FB,catboost,0.08255232330722578,29,test,no_current_partition_returns,725,298,0.4110344827586207,0.42817971721252174,0.4864828756896091,0.3722913883138255,0.13055646882961788,2,2,296,425,0.00468384074941452,72,34,0.11409395973154363,145,64,0.21476510067114093,217,90,0.30201342281879195
forward_run,4,S_FB,catboost,0.08255232330722578,43,validation,delay5,600,44,0.07333333333333333,0.081452145199789,0.5407537606278614,0.06812152012343453,0.10083427785435989,10,111,34,445,0.19964028776978418,60,3,0.06818181818181818,120,10,0.22727272727272727,180,15,0.3409090909090909
forward_run,4,S_FB,catboost,0.08255232330722578,43,validation,delay50,600,44,0.07333333333333333,0.08662837583989635,0.559597776324395,0.06804560494404142,0.10083427785435989,11,106,33,450,0.1906474820143885,60,5,0.11363636363636363,120,11,0.25,180,16,0.36363636363636365
forward_run,4,S_FB,catboost,0.08255232330722578,43,validation,delay100,600,44,0.07333333333333333,0.09311082717127588,0.5721672661870504,0.06794983025103818,0.10083427785435989,12,116,32,440,0.20863309352517986,60,6,0.13636363636363635,120,12,0.2727272727272727,180,18,0.4090909090909091
forward_run,4,S_FB,catboost,0.08255232330722578,43,validation,coverage0.5,600,44,0.07333333333333333,0.0902812608791869,0.5656883584041857,0.06803924863238718,0.10083427785435989,14,136,30,420,0.2446043165467626,60,5,0.11363636363636363,120,12,0.2727272727272727,180,16,0.36363636363636365
forward_run,4,S_FB,catboost,0.08255232330722578,43,validation,coverage0.2,600,44,0.07333333333333333,0.08248198052773462,0.5231973512099413,0.06868399366077864,0.10083427785435989,13,148,31,408,0.26618705035971224,60,6,0.13636363636363635,120,10,0.22727272727272727,180,15,0.3409090909090909
forward_run,4,S_FB,catboost,0.08255232330722578,43,validation,no_current_partition_returns,600,44,0.07333333333333333,0.08356357360870909,0.5511363636363636,0.0679357858443993,0.10083427785435989,0,17,44,539,0.030575539568345324,60,3,0.06818181818181818,120,10,0.22727272727272727,180,19,0.4318181818181818
forward_run,4,S_FB,catboost,0.08255232330722578,43,test,delay5,725,298,0.4110344827586207,0.4774124368826594,0.5916138817723151,0.3217684811759832,0.10083427785435989,224,255,74,172,0.5971896955503513,72,34,0.11409395973154363,145,68,0.22818791946308725,217,99,0.33221476510067116
forward_run,4,S_FB,catboost,0.08255232330722578,43,test,delay50,725,298,0.4110344827586207,0.4169786960228954,0.5180870125583515,0.32807286017048565,0.10083427785435989,210,279,88,148,0.6533957845433255,72,28,0.09395973154362416,145,54,0.18120805369127516,217,82,0.2751677852348993
forward_run,4,S_FB,catboost,0.08255232330722578,43,test,delay100,725,298,0.4110344827586207,0.3939672358354146,0.49417270483944487,0.33275546310021736,0.10083427785435989,198,281,100,146,0.65807962529274,72,20,0.06711409395973154,145,59,0.19798657718120805,217,88,0.2953020134228188
forward_run,4,S_FB,catboost,0.08255232330722578,43,test,coverage0.5,725,298,0.4110344827586207,0.44375900708771415,0.5589881017870895,0.32898170537880855,0.10083427785435989,203,236,95,191,0.5526932084309133,72,31,0.1040268456375839,145,53,0.17785234899328858,217,91,0.3053691275167785
forward_run,4,S_FB,catboost,0.08255232330722578,43,test,coverage0.2,725,298,0.4110344827586207,0.4418533176064302,0.5492117630416673,0.3335874365772158,0.10083427785435989,197,227,101,200,0.531615925058548,72,32,0.10738255033557047,145,60,0.20134228187919462,217,89,0.2986577181208054
forward_run,4,S_FB,catboost,0.08255232330722578,43,test,no_current_partition_returns,725,298,0.4110344827586207,0.45614515179293624,0.5235056504723135,0.3821007690362037,0.10083427785435989,8,4,290,423,0.00936768149882904,72,36,0.12080536912751678,145,63,0.21140939597315436,217,98,0.3288590604026846
forward_run,6,FB,catboost,0.4868107470520255,17,validation,delay5,725,298,0.4110344827586207,0.5276951055712997,0.6285384216399731,0.23178218084740487,0.44838014809411436,83,62,215,365,0.1451990632318501,72,44,0.1476510067114094,145,83,0.2785234899328859,217,120,0.40268456375838924
forward_run,6,FB,catboost,0.4868107470520255,17,validation,delay50,725,298,0.4110344827586207,0.4908623805892054,0.5750121811294657,0.24381072731005882,0.44838014809411436,70,79,228,348,0.18501170960187355,72,42,0.14093959731543623,145,69,0.23154362416107382,217,100,0.33557046979865773
forward_run,6,FB,catboost,0.4868107470520255,17,validation,delay100,725,298,0.4110344827586207,0.40227651464003833,0.5047074171290257,0.2620840359298497,0.44838014809411436,58,92,240,335,0.2154566744730679,72,22,0.0738255033557047,145,56,0.18791946308724833,217,91,0.3053691275167785
forward_run,6,FB,catboost,0.4868107470520255,17,validation,coverage0.5,725,298,0.4110344827586207,0.4735853668142327,0.5922858085912327,0.24517326259429442,0.44838014809411436,4,7,294,420,0.01639344262295082,72,34,0.11409395973154363,145,68,0.22818791946308725,217,106,0.35570469798657717
forward_run,6,FB,catboost,0.4868107470520255,17,validation,coverage0.2,725,298,0.4110344827586207,0.4145913710960256,0.5080238278609936,0.2660793220770918,0.44838014809411436,2,5,296,422,0.0117096018735363,72,30,0.10067114093959731,145,61,0.20469798657718122,217,89,0.2986577181208054
forward_run,6,FB,catboost,0.4868107470520255,17,validation,no_current_partition_returns,725,298,0.4110344827586207,0.4110344827586207,0.5,0.3301088528342839,0.44838014809411436,0,0,298,427,0.0,72,22,0.0738255033557047,145,55,0.18456375838926176,217,89,0.2986577181208054
forward_run,6,FB,catboost,0.4868107470520255,17,test,delay5,635,153,0.2409448818897638,0.28968948679753237,0.556891221218778,0.18475464158015187,0.44838014809411436,23,45,130,437,0.09336099585062241,63,22,0.1437908496732026,127,44,0.2875816993464052,190,59,0.38562091503267976
forward_run,6,FB,catboost,0.4868107470520255,17,test,delay50,635,153,0.2409448818897638,0.2306839853048329,0.47190356087109814,0.19862599815007717,0.44838014809411436,13,55,140,427,0.11410788381742738,63,13,0.08496732026143791,127,28,0.1830065359477124,190,44,0.2875816993464052
forward_run,6,FB,catboost,0.4868107470520255,17,test,delay100,635,153,0.2409448818897638,0.2645960960475466,0.4863585821603883,0.19605300229406655,0.44838014809411436,19,43,134,439,0.08921161825726141,63,19,0.12418300653594772,127,32,0.20915032679738563,190,43,0.28104575163398693
forward_run,6,FB,catboost,0.4868107470520255,17,test,coverage0.5,635,153,0.2409448818897638,0.2602664889153908,0.5230317576546525,0.19143264973696747,0.44838014809411436,13,36,140,446,0.07468879668049792,63,15,0.09803921568627451,127,35,0.22875816993464052,190,50,0.32679738562091504
forward_run,6,FB,catboost,0.4868107470520255,17,test,coverage0.2,635,153,0.2409448818897638,0.20545225646635157,0.41041548016163587,0.2119583323519132,0.44838014809411436,0,7,153,475,0.014522821576763486,63,13,0.08496732026143791,127,24,0.1568627450980392,190,34,0.2222222222222222
forward_run,6,FB,catboost,0.4868107470520255,17,test,no_current_partition_returns,635,153,0.2409448818897638,0.2409448818897638,0.5,0.1989175777206758,0.44838014809411436,0,0,153,482,0.0,63,8,0.05228758169934641,127,20,0.13071895424836602,190,44,0.2875816993464052
forward_run,6,FB,catboost,0.4868107470520255,29,validation,delay5,725,298,0.4110344827586207,0.5330759382349863,0.6341967527466483,0.2317579710704809,0.4553612087529923,84,59,214,368,0.13817330210772832,72,42,0.14093959731543623,145,85,0.28523489932885904,217,120,0.40268456375838924
forward_run,6,FB,catboost,0.4868107470520255,29,validation,delay50,725,298,0.4110344827586207,0.479443445973957,0.5719472517800166,0.2450057577758666,0.4553612087529923,73,75,225,352,0.1756440281030445,72,40,0.1342281879194631,145,72,0.24161073825503357,217,106,0.35570469798657717
forward_run,6,FB,catboost,0.4868107470520255,29,validation,delay100,725,298,0.4110344827586207,0.40348740348799933,0.5052103798940635,0.26141414980275546,0.4553612087529923,58,90,240,337,0.2107728337236534,72,21,0.07046979865771812,145,57,0.1912751677852349,217,92,0.3087248322147651
forward_run,6,FB,catboost,0.4868107470520255,29,validation,coverage0.5,725,298,0.4110344827586207,0.4747054403517504,0.5958026185498954,0.244332685347382,0.4553612087529923,7,8,291,419,0.01873536299765808,72,34,0.11409395973154363,145,68,0.22818791946308725,217,104,0.348993288590604
forward_run,6,FB,catboost,0.4868107470520255,29,validation,coverage0.2,725,298,0.4110344827586207,0.4109818078967328,0.5107901230687015,0.26775676570449936,0.4553612087529923,5,7,293,420,0.01639344262295082,72,30,0.10067114093959731,145,59,0.19798657718120805,217,87,0.29194630872483224
forward_run,6,FB,catboost,0.4868107470520255,29,validation,no_current_partition_returns,725,298,0.4110344827586207,0.4110344827586207,0.5,0.331775616200625,0.4553612087529923,0,0,298,427,0.0,72,22,0.0738255033557047,145,55,0.18456375838926176,217,89,0.2986577181208054
forward_run,6,FB,catboost,0.4868107470520255,29,test,delay5,635,153,0.2409448818897638,0.29019151920332537,0.5567827407588207,0.18481393159966772,0.4553612087529923,21,38,132,444,0.07883817427385892,63,22,0.1437908496732026,127,44,0.2875816993464052,190,59,0.38562091503267976
forward_run,6,FB,catboost,0.4868107470520255,29,test,delay50,635,153,0.2409448818897638,0.24028347757947643,0.4761885390394055,0.1983383913700629,0.4553612087529923,14,45,139,437,0.09336099585062241,63,14,0.0915032679738562,127,31,0.20261437908496732,190,43,0.28104575163398693
forward_run,6,FB,catboost,0.4868107470520255,29,test,delay100,635,153,0.2409448818897638,0.2732477279735459,0.4819515634746291,0.19700583449243486,0.4553612087529923,18,35,135,447,0.07261410788381743,63,20,0.13071895424836602,127,33,0.21568627450980393,190,43,0.28104575163398693
forward_run,6,FB,catboost,0.4868107470520255,29,test,coverage0.5,635,153,0.2409448818897638,0.2683263969418955,0.5362528137119302,0.19005298804437573,0.4553612087529923,12,27,141,455,0.056016597510373446,63,17,0.1111111111111111,127,35,0.22875816993464052,190,52,0.33986928104575165
forward_run,6,FB,catboost,0.4868107470520255,29,test,coverage0.2,635,153,0.2409448818897638,0.20040922187167037,0.40010305643695926,0.21302131366597682,0.4553612087529923,0,0,153,482,0.0,63,11,0.0718954248366013,127,21,0.13725490196078433,190,32,0.20915032679738563
forward_run,6,FB,catboost,0.4868107470520255,29,test,no_current_partition_returns,635,153,0.2409448818897638,0.2409448818897638,0.5,0.19963327560020416,0.4553612087529923,0,0,153,482,0.0,63,8,0.05228758169934641,127,20,0.13071895424836602,190,44,0.2875816993464052
forward_run,6,FB,catboost,0.4868107470520255,43,validation,delay5,725,298,0.4110344827586207,0.5321350344406062,0.6220863524197224,0.23356512299999793,0.4491468836240946,82,63,216,364,0.14754098360655737,72,43,0.14429530201342283,145,82,0.2751677852348993,217,115,0.3859060402684564
forward_run,6,FB,catboost,0.4868107470520255,43,validation,delay50,725,298,0.4110344827586207,0.4755236754721701,0.571852946261572,0.24527503329200276,0.4491468836240946,73,77,225,350,0.18032786885245902,72,41,0.13758389261744966,145,70,0.2348993288590604,217,105,0.3523489932885906
forward_run,6,FB,catboost,0.4868107470520255,43,validation,delay100,725,298,0.4110344827586207,0.40263104381430176,0.499143391540795,0.2631149030753236,0.4491468836240946,55,95,243,332,0.2224824355971897,72,25,0.08389261744966443,145,52,0.174496644295302,217,88,0.2953020134228188
forward_run,6,FB,catboost,0.4868107470520255,43,validation,coverage0.5,725,298,0.4110344827586207,0.47834461700725756,0.5930952642912154,0.24760889222828156,0.4491468836240946,16,18,282,409,0.04215456674473068,72,37,0.12416107382550336,145,73,0.24496644295302014,217,106,0.35570469798657717
forward_run,6,FB,catboost,0.4868107470520255,43,validation,coverage0.2,725,298,0.4110344827586207,0.4072035200340933,0.5025934017572261,0.27465601128136574,0.4491468836240946,9,13,289,414,0.03044496487119438,72,26,0.087248322147651,145,61,0.20469798657718122,217,90,0.30201342281879195
forward_run,6,FB,catboost,0.4868107470520255,43,validation,no_current_partition_returns,725,298,0.4110344827586207,0.4110344827586207,0.5,0.3315149540781832,0.4491468836240946,0,0,298,427,0.0,72,22,0.0738255033557047,145,55,0.18456375838926176,217,89,0.2986577181208054
forward_run,6,FB,catboost,0.4868107470520255,43,test,delay5,635,153,0.2409448818897638,0.2936859139579304,0.5611558593008434,0.18454129587978363,0.4491468836240946,21,39,132,443,0.08091286307053942,63,23,0.1503267973856209,127,43,0.28104575163398693,190,59,0.38562091503267976
forward_run,6,FB,catboost,0.4868107470520255,43,test,delay50,635,153,0.2409448818897638,0.23589567605188633,0.47441895153635455,0.19956446540639414,0.4491468836240946,12,48,141,434,0.0995850622406639,63,12,0.0784313725490196,127,27,0.17647058823529413,190,45,0.29411764705882354
forward_run,6,FB,catboost,0.4868107470520255,43,test,delay100,635,153,0.2409448818897638,0.2602606671778504,0.4812396604561603,0.19813678430664655,0.4491468836240946,15,39,138,443,0.08091286307053942,63,17,0.1111111111111111,127,33,0.21568627450980393,190,43,0.28104575163398693
forward_run,6,FB,catboost,0.4868107470520255,43,test,coverage0.5,635,153,0.2409448818897638,0.2669687697998012,0.5329780598269737,0.19337118895527733,0.4491468836240946,14,43,139,439,0.08921161825726141,63,16,0.10457516339869281,127,35,0.22875816993464052,190,51,0.3333333333333333
forward_run,6,FB,catboost,0.4868107470520255,43,test,coverage0.2,635,153,0.2409448818897638,0.1998777114272508,0.40076071922544954,0.21070969987410826,0.4491468836240946,0,6,153,476,0.012448132780082987,63,12,0.0784313725490196,127,22,0.1437908496732026,190,33,0.21568627450980393
forward_run,6,FB,catboost,0.4868107470520255,43,test,no_current_partition_returns,635,153,0.2409448818897638,0.2409448818897638,0.5,0.19952076236777208,0.4491468836240946,0,0,153,482,0.0,63,8,0.05228758169934641,127,20,0.13071895424836602,190,44,0.2875816993464052
forward_run,6,SH_FB,logistic,0.48117631613882383,17,validation,delay5,725,298,0.4110344827586207,0.481865883752425,0.5986750074658536,0.3873419551495459,0.03817417506391668,70,76,228,351,0.17798594847775176,72,36,0.12080536912751678,145,70,0.2348993288590604,217,106,0.35570469798657717
forward_run,6,SH_FB,logistic,0.48117631613882383,17,validation,delay50,725,298,0.4110344827586207,0.47068077929974794,0.5865371013627148,0.3878982440502371,0.03817417506391668,60,66,238,361,0.15456674473067916,72,36,0.12080536912751678,145,68,0.22818791946308725,217,100,0.33557046979865773
forward_run,6,SH_FB,logistic,0.48117631613882383,17,validation,delay100,725,298,0.4110344827586207,0.48266622545829796,0.590592238655832,0.3879846124780546,0.03817417506391668,63,76,235,351,0.17798594847775176,72,36,0.12080536912751678,145,64,0.21476510067114093,217,101,0.3389261744966443
forward_run,6,SH_FB,logistic,0.48117631613882383,17,validation,coverage0.5,725,298,0.4110344827586207,0.482159637538032,0.6053785580686231,0.38614796983685307,0.03817417506391668,78,90,220,337,0.2107728337236534,72,34,0.11409395973154363,145,70,0.2348993288590604,217,105,0.3523489932885906
forward_run,6,SH_FB,logistic,0.48117631613882383,17,validation,coverage0.2,725,298,0.4110344827586207,0.4929653223961379,0.6179879917639847,0.38422379761018033,0.03817417506391668,101,108,197,319,0.2529274004683841,72,34,0.11409395973154363,145,72,0.24161073825503357,217,105,0.3523489932885906
forward_run,6,SH_FB,logistic,0.48117631613882383,17,validation,no_current_partition_returns,725,298,0.4110344827586207,0.4861275346196208,0.5946434465523475,0.39006724994275876,0.03817417506391668,44,43,254,384,0.10070257611241218,72,37,0.12416107382550336,145,66,0.2214765100671141,217,104,0.348993288590604
forward_run,6,SH_FB,logistic,0.48117631613882383,17,test,delay5,635,153,0.2409448818897638,0.26997222003175914,0.5129905350798687,0.23725760883662256,0.03817417506391668,1,0,152,482,0.0,63,18,0.11764705882352941,127,34,0.2222222222222222,190,48,0.3137254901960784
forward_run,6,SH_FB,logistic,0.48117631613882383,17,test,delay50,635,153,0.2409448818897638,0.25845748845051036,0.4963794646489301,0.23716220016154257,0.03817417506391668,1,0,152,482,0.0,63,16,0.10457516339869281,127,35,0.22875816993464052,190,45,0.29411764705882354
forward_run,6,SH_FB,logistic,0.48117631613882383,17,test,delay100,635,153,0.2409448818897638,0.25257055581833077,0.485002576410924,0.2370780620452837,0.03817417506391668,2,0,151,482,0.0,63,15,0.09803921568627451,127,30,0.19607843137254902,190,42,0.27450980392156865
forward_run,6,SH_FB,logistic,0.48117631613882383,17,test,coverage0.5,635,153,0.2409448818897638,0.2710200949191016,0.5141431399669135,0.2369975395114216,0.03817417506391668,1,0,152,482,0.0,63,19,0.12418300653594772,127,34,0.2222222222222222,190,47,0.30718954248366015
forward_run,6,SH_FB,logistic,0.48117631613882383,17,test,coverage0.2,635,153,0.2409448818897638,0.26131708312001,0.49871179453800885,0.23698736965556008,0.03817417506391668,2,1,151,481,0.002074688796680498,63,14,0.0915032679738562,127,31,0.20261437908496732,190,43,0.28104575163398693
forward_run,6,SH_FB,logistic,0.48117631613882383,17,test,no_current_partition_returns,635,153,0.2409448818897638,0.2609325665477366,0.49225720717055843,0.23703451452955454,0.03817417506391668,1,0,152,482,0.0,63,17,0.1111111111111111,127,33,0.21568627450980393,190,44,0.2875816993464052
forward_run,6,SH_FB,logistic,0.48117631613882383,29,validation,delay5,725,298,0.4110344827586207,0.481865883752425,0.5986750074658536,0.3873419551495459,0.03817417506391668,70,76,228,351,0.17798594847775176,72,36,0.12080536912751678,145,70,0.2348993288590604,217,106,0.35570469798657717
forward_run,6,SH_FB,logistic,0.48117631613882383,29,validation,delay50,725,298,0.4110344827586207,0.47068077929974794,0.5865371013627148,0.3878982440502371,0.03817417506391668,60,66,238,361,0.15456674473067916,72,36,0.12080536912751678,145,68,0.22818791946308725,217,100,0.33557046979865773
forward_run,6,SH_FB,logistic,0.48117631613882383,29,validation,delay100,725,298,0.4110344827586207,0.48266622545829796,0.590592238655832,0.3879846124780546,0.03817417506391668,63,76,235,351,0.17798594847775176,72,36,0.12080536912751678,145,64,0.21476510067114093,217,101,0.3389261744966443
forward_run,6,SH_FB,logistic,0.48117631613882383,29,validation,coverage0.5,725,298,0.4110344827586207,0.482159637538032,0.6053785580686231,0.38614796983685307,0.03817417506391668,78,90,220,337,0.2107728337236534,72,34,0.11409395973154363,145,70,0.2348993288590604,217,105,0.3523489932885906
forward_run,6,SH_FB,logistic,0.48117631613882383,29,validation,coverage0.2,725,298,0.4110344827586207,0.4929653223961379,0.6179879917639847,0.38422379761018033,0.03817417506391668,101,108,197,319,0.2529274004683841,72,34,0.11409395973154363,145,72,0.24161073825503357,217,105,0.3523489932885906
forward_run,6,SH_FB,logistic,0.48117631613882383,29,validation,no_current_partition_returns,725,298,0.4110344827586207,0.4861275346196208,0.5946434465523475,0.39006724994275876,0.03817417506391668,44,43,254,384,0.10070257611241218,72,37,0.12416107382550336,145,66,0.2214765100671141,217,104,0.348993288590604
forward_run,6,SH_FB,logistic,0.48117631613882383,29,test,delay5,635,153,0.2409448818897638,0.26997222003175914,0.5129905350798687,0.23725760883662256,0.03817417506391668,1,0,152,482,0.0,63,18,0.11764705882352941,127,34,0.2222222222222222,190,48,0.3137254901960784
forward_run,6,SH_FB,logistic,0.48117631613882383,29,test,delay50,635,153,0.2409448818897638,0.25845748845051036,0.4963794646489301,0.23716220016154257,0.03817417506391668,1,0,152,482,0.0,63,16,0.10457516339869281,127,35,0.22875816993464052,190,45,0.29411764705882354
forward_run,6,SH_FB,logistic,0.48117631613882383,29,test,delay100,635,153,0.2409448818897638,0.25257055581833077,0.485002576410924,0.2370780620452837,0.03817417506391668,2,0,151,482,0.0,63,15,0.09803921568627451,127,30,0.19607843137254902,190,42,0.27450980392156865
forward_run,6,SH_FB,logistic,0.48117631613882383,29,test,coverage0.5,635,153,0.2409448818897638,0.2710200949191016,0.5141431399669135,0.2369975395114216,0.03817417506391668,1,0,152,482,0.0,63,19,0.12418300653594772,127,34,0.2222222222222222,190,47,0.30718954248366015
forward_run,6,SH_FB,logistic,0.48117631613882383,29,test,coverage0.2,635,153,0.2409448818897638,0.26131708312001,0.49871179453800885,0.23698736965556008,0.03817417506391668,2,1,151,481,0.002074688796680498,63,14,0.0915032679738562,127,31,0.20261437908496732,190,43,0.28104575163398693
forward_run,6,SH_FB,logistic,0.48117631613882383,29,test,no_current_partition_returns,635,153,0.2409448818897638,0.2609325665477366,0.49225720717055843,0.23703451452955454,0.03817417506391668,1,0,152,482,0.0,63,17,0.1111111111111111,127,33,0.21568627450980393,190,44,0.2875816993464052
forward_run,6,SH_FB,logistic,0.48117631613882383,43,validation,delay5,725,298,0.4110344827586207,0.481865883752425,0.5986750074658536,0.3873419551495459,0.03817417506391668,70,76,228,351,0.17798594847775176,72,36,0.12080536912751678,145,70,0.2348993288590604,217,106,0.35570469798657717
forward_run,6,SH_FB,logistic,0.48117631613882383,43,validation,delay50,725,298,0.4110344827586207,0.47068077929974794,0.5865371013627148,0.3878982440502371,0.03817417506391668,60,66,238,361,0.15456674473067916,72,36,0.12080536912751678,145,68,0.22818791946308725,217,100,0.33557046979865773
forward_run,6,SH_FB,logistic,0.48117631613882383,43,validation,delay100,725,298,0.4110344827586207,0.48266622545829796,0.590592238655832,0.3879846124780546,0.03817417506391668,63,76,235,351,0.17798594847775176,72,36,0.12080536912751678,145,64,0.21476510067114093,217,101,0.3389261744966443
forward_run,6,SH_FB,logistic,0.48117631613882383,43,validation,coverage0.5,725,298,0.4110344827586207,0.482159637538032,0.6053785580686231,0.38614796983685307,0.03817417506391668,78,90,220,337,0.2107728337236534,72,34,0.11409395973154363,145,70,0.2348993288590604,217,105,0.3523489932885906
forward_run,6,SH_FB,logistic,0.48117631613882383,43,validation,coverage0.2,725,298,0.4110344827586207,0.4929653223961379,0.6179879917639847,0.38422379761018033,0.03817417506391668,101,108,197,319,0.2529274004683841,72,34,0.11409395973154363,145,72,0.24161073825503357,217,105,0.3523489932885906
forward_run,6,SH_FB,logistic,0.48117631613882383,43,validation,no_current_partition_returns,725,298,0.4110344827586207,0.4861275346196208,0.5946434465523475,0.39006724994275876,0.03817417506391668,44,43,254,384,0.10070257611241218,72,37,0.12416107382550336,145,66,0.2214765100671141,217,104,0.348993288590604
forward_run,6,SH_FB,logistic,0.48117631613882383,43,test,delay5,635,153,0.2409448818897638,0.26997222003175914,0.5129905350798687,0.23725760883662256,0.03817417506391668,1,0,152,482,0.0,63,18,0.11764705882352941,127,34,0.2222222222222222,190,48,0.3137254901960784
forward_run,6,SH_FB,logistic,0.48117631613882383,43,test,delay50,635,153,0.2409448818897638,0.25845748845051036,0.4963794646489301,0.23716220016154257,0.03817417506391668,1,0,152,482,0.0,63,16,0.10457516339869281,127,35,0.22875816993464052,190,45,0.29411764705882354
forward_run,6,SH_FB,logistic,0.48117631613882383,43,test,delay100,635,153,0.2409448818897638,0.25257055581833077,0.485002576410924,0.2370780620452837,0.03817417506391668,2,0,151,482,0.0,63,15,0.09803921568627451,127,30,0.19607843137254902,190,42,0.27450980392156865
forward_run,6,SH_FB,logistic,0.48117631613882383,43,test,coverage0.5,635,153,0.2409448818897638,0.2710200949191016,0.5141431399669135,0.2369975395114216,0.03817417506391668,1,0,152,482,0.0,63,19,0.12418300653594772,127,34,0.2222222222222222,190,47,0.30718954248366015
forward_run,6,SH_FB,logistic,0.48117631613882383,43,test,coverage0.2,635,153,0.2409448818897638,0.26131708312001,0.49871179453800885,0.23698736965556008,0.03817417506391668,2,1,151,481,0.002074688796680498,63,14,0.0915032679738562,127,31,0.20261437908496732,190,43,0.28104575163398693
forward_run,6,SH_FB,logistic,0.48117631613882383,43,test,no_current_partition_returns,635,153,0.2409448818897638,0.2609325665477366,0.49225720717055843,0.23703451452955454,0.03817417506391668,1,0,152,482,0.0,63,17,0.1111111111111111,127,33,0.21568627450980393,190,44,0.2875816993464052
forward_run,6,S_FB,logistic,0.4771000599541859,17,validation,delay5,725,298,0.4110344827586207,0.4807181244477181,0.595704383634849,0.38906431854512324,0.03495298888968599,70,75,228,352,0.1756440281030445,72,36,0.12080536912751678,145,70,0.2348993288590604,217,105,0.3523489932885906
forward_run,6,S_FB,logistic,0.4771000599541859,17,validation,delay50,725,298,0.4110344827586207,0.47052134534410645,0.5844388035773227,0.3897563705685079,0.03495298888968599,61,67,237,360,0.15690866510538642,72,37,0.12416107382550336,145,68,0.22818791946308725,217,100,0.33557046979865773
forward_run,6,S_FB,logistic,0.4771000599541859,17,validation,delay100,725,298,0.4110344827586207,0.48272112739053374,0.5896334658849787,0.38989483891981747,0.03495298888968599,61,76,237,351,0.17798594847775176,72,36,0.12080536912751678,145,64,0.21476510067114093,217,100,0.33557046979865773
forward_run,6,S_FB,logistic,0.4771000599541859,17,validation,coverage0.5,725,298,0.4110344827586207,0.4780927657123023,0.6036967763230279,0.38829618873984334,0.03495298888968599,76,89,222,338,0.20843091334894615,72,32,0.10738255033557047,145,68,0.22818791946308725,217,105,0.3523489932885906
forward_run,6,S_FB,logistic,0.4771000599541859,17,validation,coverage0.2,725,298,0.4110344827586207,0.48949490162155074,0.616490891658677,0.38668063109350953,0.03495298888968599,95,101,203,326,0.23653395784543327,72,34,0.11409395973154363,145,72,0.24161073825503357,217,104,0.348993288590604
forward_run,6,S_FB,logistic,0.4771000599541859,17,validation,no_current_partition_returns,725,298,0.4110344827586207,0.4855402603355822,0.5927376892004463,0.3921949640063446,0.03495298888968599,42,40,256,387,0.0936768149882904,72,35,0.1174496644295302,145,65,0.2181208053691275,217,104,0.348993288590604
forward_run,6,S_FB,logistic,0.4771000599541859,17,test,delay5,635,153,0.2409448818897638,0.270887935567655,0.5106175250183062,0.23788745634749348,0.03495298888968599,1,0,152,482,0.0,63,18,0.11764705882352941,127,33,0.21568627450980393,190,48,0.3137254901960784
forward_run,6,S_FB,logistic,0.4771000599541859,17,test,delay50,635,153,0.2409448818897638,0.25869281188897253,0.494291215794755,0.2378142542910816,0.03495298888968599,1,0,152,482,0.0,63,17,0.1111111111111111,127,35,0.22875816993464052,190,46,0.3006535947712418
forward_run,6,S_FB,logistic,0.4771000599541859,17,test,delay100,635,153,0.2409448818897638,0.2523415234162694,0.4831855287066417,0.23775398066774595,0.03495298888968599,1,0,152,482,0.0,63,16,0.10457516339869281,127,29,0.1895424836601307,190,42,0.27450980392156865
forward_run,6,S_FB,logistic,0.4771000599541859,17,test,coverage0.5,635,153,0.2409448818897638,0.2708024691388234,0.5113226480080275,0.23771743683760985,0.03495298888968599,1,0,152,482,0.0,63,19,0.12418300653594772,127,34,0.2222222222222222,190,49,0.3202614379084967
forward_run,6,S_FB,logistic,0.4771000599541859,17,test,coverage0.2,635,153,0.2409448818897638,0.26086529124543967,0.4965557453963605,0.23772227411538263,0.03495298888968599,2,0,151,482,0.0,63,14,0.0915032679738562,127,30,0.19607843137254902,190,44,0.2875816993464052
forward_run,6,S_FB,logistic,0.4771000599541859,17,test,no_current_partition_returns,635,153,0.2409448818897638,0.25981746961812385,0.4887383722506983,0.23779326946111354,0.03495298888968599,1,0,152,482,0.0,63,16,0.10457516339869281,127,30,0.19607843137254902,190,44,0.2875816993464052
forward_run,6,S_FB,logistic,0.4771000599541859,29,validation,delay5,725,298,0.4110344827586207,0.4807181244477181,0.595704383634849,0.38906431854512324,0.03495298888968599,70,75,228,352,0.1756440281030445,72,36,0.12080536912751678,145,70,0.2348993288590604,217,105,0.3523489932885906
forward_run,6,S_FB,logistic,0.4771000599541859,29,validation,delay50,725,298,0.4110344827586207,0.47052134534410645,0.5844388035773227,0.3897563705685079,0.03495298888968599,61,67,237,360,0.15690866510538642,72,37,0.12416107382550336,145,68,0.22818791946308725,217,100,0.33557046979865773
forward_run,6,S_FB,logistic,0.4771000599541859,29,validation,delay100,725,298,0.4110344827586207,0.48272112739053374,0.5896334658849787,0.38989483891981747,0.03495298888968599,61,76,237,351,0.17798594847775176,72,36,0.12080536912751678,145,64,0.21476510067114093,217,100,0.33557046979865773
forward_run,6,S_FB,logistic,0.4771000599541859,29,validation,coverage0.5,725,298,0.4110344827586207,0.4780927657123023,0.6036967763230279,0.38829618873984334,0.03495298888968599,76,89,222,338,0.20843091334894615,72,32,0.10738255033557047,145,68,0.22818791946308725,217,105,0.3523489932885906
forward_run,6,S_FB,logistic,0.4771000599541859,29,validation,coverage0.2,725,298,0.4110344827586207,0.48949490162155074,0.616490891658677,0.38668063109350953,0.03495298888968599,95,101,203,326,0.23653395784543327,72,34,0.11409395973154363,145,72,0.24161073825503357,217,104,0.348993288590604
forward_run,6,S_FB,logistic,0.4771000599541859,29,validation,no_current_partition_returns,725,298,0.4110344827586207,0.4855402603355822,0.5927376892004463,0.3921949640063446,0.03495298888968599,42,40,256,387,0.0936768149882904,72,35,0.1174496644295302,145,65,0.2181208053691275,217,104,0.348993288590604
forward_run,6,S_FB,logistic,0.4771000599541859,29,test,delay5,635,153,0.2409448818897638,0.270887935567655,0.5106175250183062,0.23788745634749348,0.03495298888968599,1,0,152,482,0.0,63,18,0.11764705882352941,127,33,0.21568627450980393,190,48,0.3137254901960784
forward_run,6,S_FB,logistic,0.4771000599541859,29,test,delay50,635,153,0.2409448818897638,0.25869281188897253,0.494291215794755,0.2378142542910816,0.03495298888968599,1,0,152,482,0.0,63,17,0.1111111111111111,127,35,0.22875816993464052,190,46,0.3006535947712418
forward_run,6,S_FB,logistic,0.4771000599541859,29,test,delay100,635,153,0.2409448818897638,0.2523415234162694,0.4831855287066417,0.23775398066774595,0.03495298888968599,1,0,152,482,0.0,63,16,0.10457516339869281,127,29,0.1895424836601307,190,42,0.27450980392156865
forward_run,6,S_FB,logistic,0.4771000599541859,29,test,coverage0.5,635,153,0.2409448818897638,0.2708024691388234,0.5113226480080275,0.23771743683760985,0.03495298888968599,1,0,152,482,0.0,63,19,0.12418300653594772,127,34,0.2222222222222222,190,49,0.3202614379084967
forward_run,6,S_FB,logistic,0.4771000599541859,29,test,coverage0.2,635,153,0.2409448818897638,0.26086529124543967,0.4965557453963605,0.23772227411538263,0.03495298888968599,2,0,151,482,0.0,63,14,0.0915032679738562,127,30,0.19607843137254902,190,44,0.2875816993464052
forward_run,6,S_FB,logistic,0.4771000599541859,29,test,no_current_partition_returns,635,153,0.2409448818897638,0.25981746961812385,0.4887383722506983,0.23779326946111354,0.03495298888968599,1,0,152,482,0.0,63,16,0.10457516339869281,127,30,0.19607843137254902,190,44,0.2875816993464052
forward_run,6,S_FB,logistic,0.4771000599541859,43,validation,delay5,725,298,0.4110344827586207,0.4807181244477181,0.595704383634849,0.38906431854512324,0.03495298888968599,70,75,228,352,0.1756440281030445,72,36,0.12080536912751678,145,70,0.2348993288590604,217,105,0.3523489932885906
forward_run,6,S_FB,logistic,0.4771000599541859,43,validation,delay50,725,298,0.4110344827586207,0.47052134534410645,0.5844388035773227,0.3897563705685079,0.03495298888968599,61,67,237,360,0.15690866510538642,72,37,0.12416107382550336,145,68,0.22818791946308725,217,100,0.33557046979865773
forward_run,6,S_FB,logistic,0.4771000599541859,43,validation,delay100,725,298,0.4110344827586207,0.48272112739053374,0.5896334658849787,0.38989483891981747,0.03495298888968599,61,76,237,351,0.17798594847775176,72,36,0.12080536912751678,145,64,0.21476510067114093,217,100,0.33557046979865773
forward_run,6,S_FB,logistic,0.4771000599541859,43,validation,coverage0.5,725,298,0.4110344827586207,0.4780927657123023,0.6036967763230279,0.38829618873984334,0.03495298888968599,76,89,222,338,0.20843091334894615,72,32,0.10738255033557047,145,68,0.22818791946308725,217,105,0.3523489932885906
forward_run,6,S_FB,logistic,0.4771000599541859,43,validation,coverage0.2,725,298,0.4110344827586207,0.48949490162155074,0.616490891658677,0.38668063109350953,0.03495298888968599,95,101,203,326,0.23653395784543327,72,34,0.11409395973154363,145,72,0.24161073825503357,217,104,0.348993288590604
forward_run,6,S_FB,logistic,0.4771000599541859,43,validation,no_current_partition_returns,725,298,0.4110344827586207,0.4855402603355822,0.5927376892004463,0.3921949640063446,0.03495298888968599,42,40,256,387,0.0936768149882904,72,35,0.1174496644295302,145,65,0.2181208053691275,217,104,0.348993288590604
forward_run,6,S_FB,logistic,0.4771000599541859,43,test,delay5,635,153,0.2409448818897638,0.270887935567655,0.5106175250183062,0.23788745634749348,0.03495298888968599,1,0,152,482,0.0,63,18,0.11764705882352941,127,33,0.21568627450980393,190,48,0.3137254901960784
forward_run,6,S_FB,logistic,0.4771000599541859,43,test,delay50,635,153,0.2409448818897638,0.25869281188897253,0.494291215794755,0.2378142542910816,0.03495298888968599,1,0,152,482,0.0,63,17,0.1111111111111111,127,35,0.22875816993464052,190,46,0.3006535947712418
forward_run,6,S_FB,logistic,0.4771000599541859,43,test,delay100,635,153,0.2409448818897638,0.2523415234162694,0.4831855287066417,0.23775398066774595,0.03495298888968599,1,0,152,482,0.0,63,16,0.10457516339869281,127,29,0.1895424836601307,190,42,0.27450980392156865
forward_run,6,S_FB,logistic,0.4771000599541859,43,test,coverage0.5,635,153,0.2409448818897638,0.2708024691388234,0.5113226480080275,0.23771743683760985,0.03495298888968599,1,0,152,482,0.0,63,19,0.12418300653594772,127,34,0.2222222222222222,190,49,0.3202614379084967
forward_run,6,S_FB,logistic,0.4771000599541859,43,test,coverage0.2,635,153,0.2409448818897638,0.26086529124543967,0.4965557453963605,0.23772227411538263,0.03495298888968599,2,0,151,482,0.0,63,14,0.0915032679738562,127,30,0.19607843137254902,190,44,0.2875816993464052
forward_run,6,S_FB,logistic,0.4771000599541859,43,test,no_current_partition_returns,635,153,0.2409448818897638,0.25981746961812385,0.4887383722506983,0.23779326946111354,0.03495298888968599,1,0,152,482,0.0,63,16,0.10457516339869281,127,30,0.19607843137254902,190,44,0.2875816993464052
within_run,primary,FB,lightgbm,0.44597950152263466,17,validation,delay5,647,149,0.2302936630602782,0.44181726866834065,0.7155063205843509,0.1587117459223184,0.3223765889295999,69,71,80,427,0.142570281124498,64,35,0.2348993288590604,129,63,0.4228187919463087,194,79,0.5302013422818792
within_run,primary,FB,lightgbm,0.44597950152263466,17,validation,delay50,647,149,0.2302936630602782,0.4547377371373408,0.7335044877496564,0.15808216945365375,0.3223765889295999,59,60,90,438,0.12048192771084337,64,35,0.2348993288590604,129,62,0.4161073825503356,194,76,0.5100671140939598
within_run,primary,FB,lightgbm,0.44597950152263466,17,validation,delay100,647,149,0.2302936630602782,0.3866667806439026,0.7286663432252499,0.16034168722078204,0.3223765889295999,79,114,70,384,0.2289156626506024,64,26,0.174496644295302,129,55,0.3691275167785235,194,79,0.5302013422818792
within_run,primary,FB,lightgbm,0.44597950152263466,17,validation,coverage0.5,647,149,0.2302936630602782,0.40615898131653516,0.7043947602490499,0.16078370526758082,0.3223765889295999,62,89,87,409,0.178714859437751,64,34,0.22818791946308725,129,55,0.3691275167785235,194,79,0.5302013422818792
within_run,primary,FB,lightgbm,0.44597950152263466,17,validation,coverage0.2,647,149,0.2302936630602782,0.3405207920649479,0.6815988787364222,0.17104938784228046,0.3223765889295999,10,18,139,480,0.03614457831325301,64,25,0.16778523489932887,129,43,0.28859060402684567,194,69,0.46308724832214765
within_run,primary,FB,lightgbm,0.44597950152263466,17,validation,no_current_partition_returns,647,149,0.2302936630602782,0.4337888484135203,0.7433829276838899,0.16515854363197355,0.3223765889295999,17,18,132,480,0.03614457831325301,64,31,0.2080536912751678,129,65,0.436241610738255,194,82,0.5503355704697986
within_run,primary,FB,lightgbm,0.44597950152263466,17,test,delay5,1387,272,0.19610670511896178,0.35933554168587567,0.6745120021102612,0.14581596229353738,0.3223765889295999,67,100,205,1015,0.08968609865470852,138,58,0.21323529411764705,277,106,0.3897058823529412,416,148,0.5441176470588235
within_run,primary,FB,lightgbm,0.44597950152263466,17,test,delay50,1387,272,0.19610670511896178,0.3425347548271374,0.6748219467159061,0.14843941873593214,0.3223765889295999,84,156,188,959,0.13991031390134528,138,51,0.1875,277,95,0.3492647058823529,416,156,0.5735294117647058
within_run,primary,FB,lightgbm,0.44597950152263466,17,test,delay100,1387,272,0.19610670511896178,0.27189731429835895,0.6286616328145609,0.16216103281214928,0.3223765889295999,96,193,176,922,0.17309417040358743,138,46,0.16911764705882354,277,90,0.33088235294117646,416,135,0.4963235294117647
within_run,primary,FB,lightgbm,0.44597950152263466,17,test,coverage0.5,1387,272,0.19610670511896178,0.3537196048918184,0.7166743603270904,0.14413926907109495,0.3223765889295999,108,183,164,932,0.16412556053811658,138,54,0.19852941176470587,277,106,0.3897058823529412,416,155,0.5698529411764706
within_run,primary,FB,lightgbm,0.44597950152263466,17,test,coverage0.2,1387,272,0.19610670511896178,0.30425105210352205,0.673483249802163,0.1503382650366682,0.3223765889295999,59,125,213,990,0.11210762331838565,138,42,0.15441176470588236,277,95,0.3492647058823529,416,131,0.48161764705882354
within_run,primary,FB,lightgbm,0.44597950152263466,17,test,no_current_partition_returns,1387,272,0.19610670511896178,0.25028870528319735,0.47796096016882095,0.17375750396180767,0.3223765889295999,68,181,204,934,0.16233183856502242,138,53,0.1948529411764706,277,75,0.2757352941176471,416,104,0.38235294117647056
within_run,primary,FB,lightgbm,0.44597950152263466,29,validation,delay5,647,149,0.2302936630602782,0.44193996796216706,0.716328400851729,0.1585691663054899,0.32562236941396067,69,71,80,427,0.142570281124498,64,34,0.22818791946308725,129,63,0.4228187919463087,194,81,0.5436241610738255
within_run,primary,FB,lightgbm,0.44597950152263466,29,validation,delay50,647,149,0.2302936630602782,0.4477111750707502,0.7291851971644969,0.15882172721189056,0.32562236941396067,59,60,90,438,0.12048192771084337,64,35,0.2348993288590604,129,61,0.40939597315436244,194,76,0.5100671140939598
within_run,primary,FB,lightgbm,0.44597950152263466,29,validation,delay100,647,149,0.2302936630602782,0.3839425931666016,0.7260990269804048,0.16034610555253548,0.32562236941396067,79,110,70,388,0.22088353413654618,64,25,0.16778523489932887,129,55,0.3691275167785235,194,81,0.5436241610738255
within_run,primary,FB,lightgbm,0.44597950152263466,29,validation,coverage0.5,647,149,0.2302936630602782,0.4058788297089748,0.6959515916013046,0.16154426608221245,0.32562236941396067,62,87,87,411,0.1746987951807229,64,33,0.2214765100671141,129,54,0.3624161073825503,194,80,0.5369127516778524
within_run,primary,FB,lightgbm,0.44597950152263466,29,validation,coverage0.2,647,149,0.2302936630602782,0.347037789566603,0.6893749494622785,0.1706267443936767,0.32562236941396067,10,19,139,479,0.03815261044176707,64,26,0.174496644295302,129,47,0.31543624161073824,194,69,0.46308724832214765
within_run,primary,FB,lightgbm,0.44597950152263466,29,validation,no_current_partition_returns,647,149,0.2302936630602782,0.44029206230960527,0.7362537397913803,0.16559299421255977,0.32562236941396067,17,18,132,480,0.03614457831325301,64,33,0.2214765100671141,129,64,0.42953020134228187,194,80,0.5369127516778524
within_run,primary,FB,lightgbm,0.44597950152263466,29,test,delay5,1387,272,0.19610670511896178,0.35492938814623065,0.6699485623845951,0.14600372258403654,0.32562236941396067,66,99,206,1016,0.08878923766816144,138,59,0.21691176470588236,277,105,0.3860294117647059,416,148,0.5441176470588235
within_run,primary,FB,lightgbm,0.44597950152263466,29,test,delay50,1387,272,0.19610670511896178,0.34416352870691225,0.6720703640200475,0.14916123247338445,0.32562236941396067,82,156,190,959,0.13991031390134528,138,48,0.17647058823529413,277,97,0.35661764705882354,416,156,0.5735294117647058
within_run,primary,FB,lightgbm,0.44597950152263466,29,test,delay100,1387,272,0.19610670511896178,0.26924415492527015,0.6233579530466896,0.1629930757442705,0.32562236941396067,94,197,178,918,0.17668161434977578,138,43,0.15808823529411764,277,88,0.3235294117647059,416,135,0.4963235294117647
within_run,primary,FB,lightgbm,0.44597950152263466,29,test,coverage0.5,1387,272,0.19610670511896178,0.3484590411246085,0.7154197441308363,0.14439939629916287,0.32562236941396067,110,180,162,935,0.16143497757847533,138,54,0.19852941176470587,277,106,0.3897058823529412,416,156,0.5735294117647058
within_run,primary,FB,lightgbm,0.44597950152263466,29,test,coverage0.2,1387,272,0.19610670511896178,0.3053869255913424,0.6742713004484304,0.1504078491825078,0.32562236941396067,60,132,212,983,0.11838565022421525,138,44,0.16176470588235295,277,90,0.33088235294117646,416,135,0.4963235294117647
within_run,primary,FB,lightgbm,0.44597950152263466,29,test,no_current_partition_returns,1387,272,0.19610670511896178,0.24122494793767849,0.4756446188340807,0.174130148100371,0.32562236941396067,68,181,204,934,0.16233183856502242,138,45,0.16544117647058823,277,76,0.27941176470588236,416,105,0.3860294117647059
within_run,primary,FB,lightgbm,0.44597950152263466,43,validation,delay5,647,149,0.2302936630602782,0.4388075710108022,0.7143607989002991,0.158852248798148,0.31895985033526814,70,71,79,427,0.142570281124498,64,34,0.22818791946308725,129,63,0.4228187919463087,194,81,0.5436241610738255
within_run,primary,FB,lightgbm,0.44597950152263466,43,validation,delay50,647,149,0.2302936630602782,0.44744996398699294,0.730728282256543,0.15884529676541762,0.31895985033526814,59,59,90,439,0.11847389558232932,64,35,0.2348993288590604,129,62,0.4161073825503356,194,77,0.5167785234899329
within_run,primary,FB,lightgbm,0.44597950152263466,43,validation,delay100,647,149,0.2302936630602782,0.38539531588512194,0.7274736530012669,0.16047594054981243,0.31895985033526814,80,115,69,383,0.23092369477911648,64,26,0.174496644295302,129,55,0.3691275167785235,194,80,0.5369127516778524
within_run,primary,FB,lightgbm,0.44597950152263466,43,validation,coverage0.5,647,149,0.2302936630602782,0.383757968779459,0.6984717393062181,0.16214020679962873,0.31895985033526814,63,88,86,410,0.17670682730923695,64,33,0.2214765100671141,129,54,0.3624161073825503,194,78,0.5234899328859061
within_run,primary,FB,lightgbm,0.44597950152263466,43,validation,coverage0.2,647,149,0.2302936630602782,0.339440694086206,0.6860664133042236,0.1709746966128813,0.31895985033526814,12,24,137,474,0.04819277108433735,64,26,0.174496644295302,129,42,0.28187919463087246,194,71,0.47651006711409394
within_run,primary,FB,lightgbm,0.44597950152263466,43,validation,no_current_partition_returns,647,149,0.2302936630602782,0.43843466721335667,0.7387806258591413,0.16648636149348892,0.31895985033526814,17,18,132,480,0.03614457831325301,64,30,0.20134228187919462,129,64,0.42953020134228187,194,81,0.5436241610738255
within_run,primary,FB,lightgbm,0.44597950152263466,43,test,delay5,1387,272,0.19610670511896178,0.3555478713319009,0.6757254022685308,0.14608157106493513,0.31895985033526814,71,111,201,1004,0.09955156950672646,138,57,0.20955882352941177,277,107,0.39338235294117646,416,148,0.5441176470588235
within_run,primary,FB,lightgbm,0.44597950152263466,43,test,delay50,1387,272,0.19610670511896178,0.34542018162332566,0.6763716697441309,0.14854480550356405,0.31895985033526814,92,165,180,950,0.14798206278026907,138,50,0.18382352941176472,277,98,0.3602941176470588,416,157,0.5772058823529411
within_run,primary,FB,lightgbm,0.44597950152263466,43,test,delay100,1387,272,0.19610670511896178,0.2746550467633216,0.6301074914270641,0.16160701103286806,0.31895985033526814,99,207,173,908,0.18565022421524663,138,43,0.15808823529411764,277,89,0.3272058823529412,416,135,0.4963235294117647
within_run,primary,FB,lightgbm,0.44597950152263466,43,test,coverage0.5,1387,272,0.19610670511896178,0.3488735876396354,0.7189445396992878,0.14457897776863346,0.31895985033526814,116,187,156,928,0.16771300448430493,138,53,0.1948529411764706,277,105,0.3860294117647059,416,156,0.5735294117647058
within_run,primary,FB,lightgbm,0.44597950152263466,43,test,coverage0.2,1387,272,0.19610670511896178,0.30326974537734686,0.6776988261672382,0.15021003783971007,0.31895985033526814,62,134,210,981,0.12017937219730941,138,44,0.16176470588235295,277,95,0.3492647058823529,416,127,0.46691176470588236
within_run,primary,FB,lightgbm,0.44597950152263466,43,test,no_current_partition_returns,1387,272,0.19610670511896178,0.23689957120980565,0.4743158137694539,0.17380521005279717,0.31895985033526814,69,183,203,932,0.16412556053811658,138,40,0.14705882352941177,277,76,0.27941176470588236,416,104,0.38235294117647056
within_run,primary,SH_FB,lightgbm,0.4216839490963015,17,validation,delay5,647,149,0.2302936630602782,0.4428514671146294,0.7159308374437348,0.15938057423621976,0.3984142881844188,61,74,88,424,0.14859437751004015,64,34,0.22818791946308725,129,60,0.40268456375838924,194,76,0.5100671140939598
within_run,primary,SH_FB,lightgbm,0.4216839490963015,17,validation,delay50,647,149,0.2302936630602782,0.4183442837024889,0.7284170237998976,0.15933527965270472,0.3984142881844188,63,84,86,414,0.1686746987951807,64,34,0.22818791946308725,129,59,0.3959731543624161,194,77,0.5167785234899329
within_run,primary,SH_FB,lightgbm,0.4216839490963015,17,validation,delay100,647,149,0.2302936630602782,0.3968658089146528,0.7174469690843913,0.16126735037092818,0.3984142881844188,83,125,66,373,0.25100401606425704,64,28,0.18791946308724833,129,53,0.35570469798657717,194,79,0.5302013422818792
within_run,primary,SH_FB,lightgbm,0.4216839490963015,17,validation,coverage0.5,647,149,0.2302936630602782,0.35310338671546704,0.704489097328913,0.1660480984073677,0.3984142881844188,62,90,87,408,0.18072289156626506,64,25,0.16778523489932887,129,50,0.33557046979865773,194,76,0.5100671140939598
within_run,primary,SH_FB,lightgbm,0.4216839490963015,17,validation,coverage0.2,647,149,0.2302936630602782,0.3273931932537338,0.6839640440958463,0.1695771108881986,0.3984142881844188,16,42,133,456,0.08433734939759036,64,18,0.12080536912751678,129,49,0.3288590604026846,194,71,0.47651006711409394
within_run,primary,SH_FB,lightgbm,0.4216839490963015,17,validation,no_current_partition_returns,647,149,0.2302936630602782,0.41122786737102435,0.7212608824559984,0.15915445278474571,0.3984142881844188,25,29,124,469,0.05823293172690763,64,32,0.21476510067114093,129,55,0.3691275167785235,194,80,0.5369127516778524
within_run,primary,SH_FB,lightgbm,0.4216839490963015,17,test,delay5,1387,272,0.19610670511896178,0.3530672269384179,0.7181004352413611,0.14379899526372605,0.3984142881844188,62,77,210,1038,0.06905829596412556,138,62,0.22794117647058823,277,114,0.41911764705882354,416,151,0.5551470588235294
within_run,primary,SH_FB,lightgbm,0.4216839490963015,17,test,delay50,1387,272,0.19610670511896178,0.32904680909247325,0.7052360854655764,0.1461399058231174,0.3984142881844188,74,107,198,1008,0.09596412556053811,138,52,0.19117647058823528,277,103,0.3786764705882353,416,145,0.5330882352941176
within_run,primary,SH_FB,lightgbm,0.4216839490963015,17,test,delay100,1387,272,0.19610670511896178,0.2870819775310934,0.6705503165391717,0.15330589400291544,0.3984142881844188,63,141,209,974,0.12645739910313902,138,41,0.15073529411764705,277,89,0.3272058823529412,416,133,0.4889705882352941
within_run,primary,SH_FB,lightgbm,0.4216839490963015,17,test,coverage0.5,1387,272,0.19610670511896178,0.35579084616628825,0.731823727248747,0.14330206965247083,0.3984142881844188,81,113,191,1002,0.10134529147982063,138,55,0.20220588235294118,277,115,0.4227941176470588,416,159,0.5845588235294118
within_run,primary,SH_FB,lightgbm,0.4216839490963015,17,test,coverage0.2,1387,272,0.19610670511896178,0.31737134181928234,0.7003676470588235,0.14770642053720154,0.3984142881844188,45,88,227,1027,0.07892376681614349,138,48,0.17647058823529413,277,98,0.3602941176470588,416,143,0.5257352941176471
within_run,primary,SH_FB,lightgbm,0.4216839490963015,17,test,no_current_partition_returns,1387,272,0.19610670511896178,0.2527147031940165,0.5981766024795568,0.16015590965867005,0.3984142881844188,26,56,246,1059,0.05022421524663677,138,35,0.12867647058823528,277,68,0.25,416,92,0.3382352941176471
within_run,primary,SH_FB,lightgbm,0.4216839490963015,29,validation,delay5,647,149,0.2302936630602782,0.4368559586065587,0.7153850300530981,0.15934903711145657,0.39414819448483285,61,75,88,423,0.15060240963855423,64,32,0.21476510067114093,129,57,0.3825503355704698,194,79,0.5302013422818792
within_run,primary,SH_FB,lightgbm,0.4216839490963015,29,validation,delay50,647,149,0.2302936630602782,0.40603173319564656,0.7271097814075093,0.15987025963367207,0.39414819448483285,63,85,86,413,0.1706827309236948,64,33,0.2214765100671141,129,57,0.3825503355704698,194,78,0.5234899328859061
within_run,primary,SH_FB,lightgbm,0.4216839490963015,29,validation,delay100,647,149,0.2302936630602782,0.40426285711241766,0.7235990943640334,0.16031945632200822,0.39414819448483285,82,124,67,374,0.24899598393574296,64,28,0.18791946308724833,129,53,0.35570469798657717,194,78,0.5234899328859061
within_run,primary,SH_FB,lightgbm,0.4216839490963015,29,validation,coverage0.5,647,149,0.2302936630602782,0.3480568533480939,0.7040847955580712,0.1666244780058503,0.39414819448483285,62,92,87,406,0.18473895582329317,64,23,0.15436241610738255,129,50,0.33557046979865773,194,79,0.5302013422818792
within_run,primary,SH_FB,lightgbm,0.4216839490963015,29,validation,coverage0.2,647,149,0.2302936630602782,0.32666177088501924,0.6807161532034178,0.16986908725985592,0.39414819448483285,27,54,122,444,0.10843373493975904,64,19,0.12751677852348994,129,49,0.3288590604026846,194,71,0.47651006711409394
within_run,primary,SH_FB,lightgbm,0.4216839490963015,29,validation,no_current_partition_returns,647,149,0.2302936630602782,0.3997855815858178,0.7184577235114957,0.1596528328595873,0.39414819448483285,37,41,112,457,0.0823293172690763,64,29,0.19463087248322147,129,55,0.3691275167785235,194,79,0.5302013422818792
within_run,primary,SH_FB,lightgbm,0.4216839490963015,29,test,delay5,1387,272,0.19610670511896178,0.35367633996292736,0.7178877604853601,0.14373748470274303,0.39414819448483285,57,71,215,1044,0.06367713004484304,138,61,0.22426470588235295,277,112,0.4117647058823529,416,148,0.5441176470588235
within_run,primary,SH_FB,lightgbm,0.4216839490963015,29,test,delay50,1387,272,0.19610670511896178,0.32650592892123276,0.7045551965180692,0.145830936180414,0.39414819448483285,69,103,203,1012,0.09237668161434978,138,53,0.1948529411764706,277,104,0.38235294117647056,416,144,0.5294117647058824
within_run,primary,SH_FB,lightgbm,0.4216839490963015,29,test,delay100,1387,272,0.19610670511896178,0.29045727293877555,0.6771250989184912,0.15158108760918923,0.39414819448483285,63,135,209,980,0.1210762331838565,138,44,0.16176470588235295,277,87,0.31985294117647056,416,136,0.5
within_run,primary,SH_FB,lightgbm,0.4216839490963015,29,test,coverage0.5,1387,272,0.19610670511896178,0.35826364020653656,0.732066077552097,0.14332482319521433,0.39414819448483285,87,114,185,1001,0.10224215246636771,138,60,0.22058823529411764,277,114,0.41911764705882354,416,157,0.5772058823529411
within_run,primary,SH_FB,lightgbm,0.4216839490963015,29,test,coverage0.2,1387,272,0.19610670511896178,0.3206241648154027,0.7035808493801108,0.14778992013576314,0.39414819448483285,52,100,220,1015,0.08968609865470852,138,49,0.1801470588235294,277,100,0.36764705882352944,416,146,0.5367647058823529
within_run,primary,SH_FB,lightgbm,0.4216839490963015,29,test,no_current_partition_returns,1387,272,0.19610670511896178,0.25515821873900324,0.6108744394618835,0.15770869616660957,0.39414819448483285,21,46,251,1069,0.04125560538116592,138,36,0.1323529411764706,277,72,0.2647058823529412,416,94,0.34558823529411764
within_run,primary,SH_FB,lightgbm,0.4216839490963015,43,validation,delay5,647,149,0.2302936630602782,0.44061800098974035,0.7148796528395461,0.15946841920062954,0.4061038639351396,62,73,87,425,0.1465863453815261,64,30,0.20134228187919462,129,59,0.3959731543624161,194,75,0.5033557046979866
within_run,primary,SH_FB,lightgbm,0.4216839490963015,43,validation,delay50,647,149,0.2302936630602782,0.42879731817053085,0.7329654187218675,0.15738180046941241,0.4061038639351396,60,71,89,427,0.142570281124498,64,34,0.22818791946308725,129,60,0.40268456375838924,194,76,0.5100671140939598
within_run,primary,SH_FB,lightgbm,0.4216839490963015,43,validation,delay100,647,149,0.2302936630602782,0.4184413684203194,0.7294682084040861,0.15900077391740902,0.4061038639351396,77,103,72,395,0.20682730923694778,64,30,0.20134228187919462,129,58,0.38926174496644295,194,78,0.5234899328859061
within_run,primary,SH_FB,lightgbm,0.4216839490963015,43,validation,coverage0.5,647,149,0.2302936630602782,0.3488914472457004,0.704583434408776,0.1659454955197111,0.4061038639351396,58,87,91,411,0.1746987951807229,64,22,0.1476510067114094,129,50,0.33557046979865773,194,73,0.4899328859060403
within_run,primary,SH_FB,lightgbm,0.4216839490963015,43,validation,coverage0.2,647,149,0.2302936630602782,0.321984201799271,0.6796514918735345,0.1700518538983725,0.4061038639351396,15,41,134,457,0.0823293172690763,64,19,0.12751677852348994,129,47,0.31543624161073824,194,72,0.48322147651006714
within_run,primary,SH_FB,lightgbm,0.4216839490963015,43,validation,no_current_partition_returns,647,149,0.2302936630602782,0.4182754949414026,0.7283092099943398,0.15754190062946744,0.4061038639351396,37,31,112,467,0.06224899598393574,64,36,0.24161073825503357,129,57,0.3825503355704698,194,82,0.5503355704697986
within_run,primary,SH_FB,lightgbm,0.4216839490963015,43,test,delay5,1387,272,0.19610670511896178,0.35193889918635596,0.7159588499076761,0.14394043912986595,0.4061038639351396,54,71,218,1044,0.06367713004484304,138,60,0.22058823529411764,277,109,0.4007352941176471,416,147,0.5404411764705882
within_run,primary,SH_FB,lightgbm,0.4216839490963015,43,test,delay50,1387,272,0.19610670511896178,0.33042211433908597,0.6994460564494857,0.147258941853001,0.4061038639351396,72,111,200,1004,0.09955156950672646,138,54,0.19852941176470587,277,100,0.36764705882352944,416,137,0.5036764705882353
within_run,primary,SH_FB,lightgbm,0.4216839490963015,43,test,delay100,1387,272,0.19610670511896178,0.2935554321420826,0.6719186890002639,0.15357763605463048,0.4061038639351396,71,146,201,969,0.13094170403587443,138,47,0.17279411764705882,277,89,0.3272058823529412,416,130,0.47794117647058826
within_run,primary,SH_FB,lightgbm,0.4216839490963015,43,test,coverage0.5,1387,272,0.19610670511896178,0.3584380033489388,0.7344763914534423,0.14411480907073818,0.4061038639351396,92,131,180,984,0.11748878923766816,138,59,0.21691176470588236,277,113,0.41544117647058826,416,158,0.5808823529411765
within_run,primary,SH_FB,lightgbm,0.4216839490963015,43,test,coverage0.2,1387,272,0.19610670511896178,0.31758097965312576,0.6999505407544184,0.1481765008775689,0.4061038639351396,47,91,225,1024,0.08161434977578476,138,47,0.17279411764705882,277,99,0.3639705882352941,416,145,0.5330882352941176
within_run,primary,SH_FB,lightgbm,0.4216839490963015,43,test,no_current_partition_returns,1387,272,0.19610670511896178,0.2523664839429986,0.5999241624901082,0.1616016630106326,0.4061038639351396,39,95,233,1020,0.08520179372197309,138,39,0.14338235294117646,277,71,0.2610294117647059,416,94,0.34558823529411764
within_run,primary,S_FB,logistic,0.43437482890090284,17,validation,delay5,647,149,0.2302936630602782,0.41429097405386456,0.7160319128864451,0.15732157853855328,0.31341528399357055,61,68,88,430,0.13654618473895583,64,33,0.2214765100671141,129,61,0.40939597315436244,194,80,0.5369127516778524
within_run,primary,S_FB,logistic,0.43437482890090284,17,validation,delay50,647,149,0.2302936630602782,0.43892084785459173,0.7031751165736774,0.15883913597808647,0.31341528399357055,74,110,75,388,0.22088353413654618,64,34,0.22818791946308725,129,64,0.42953020134228187,194,79,0.5302013422818792
within_run,primary,S_FB,logistic,0.43437482890090284,17,validation,delay100,647,149,0.2302936630602782,0.3606576773934158,0.6885798226462899,0.1646726395433085,0.31341528399357055,87,150,62,348,0.30120481927710846,64,24,0.1610738255033557,129,51,0.3422818791946309,194,77,0.5167785234899329
within_run,primary,S_FB,logistic,0.43437482890090284,17,validation,coverage0.5,647,149,0.2302936630602782,0.42100610566650143,0.7086601439314304,0.1585566084944066,0.31341528399357055,62,75,87,423,0.15060240963855423,64,34,0.22818791946308725,129,60,0.40268456375838924,194,79,0.5302013422818792
within_run,primary,S_FB,logistic,0.43437482890090284,17,validation,coverage0.2,647,149,0.2302936630602782,0.40964311494765804,0.6824344357294951,0.1623363051627435,0.31341528399357055,55,61,94,437,0.12248995983935743,64,36,0.24161073825503357,129,57,0.3825503355704698,194,81,0.5436241610738255
within_run,primary,S_FB,logistic,0.43437482890090284,17,validation,no_current_partition_returns,647,149,0.2302936630602782,0.4324975983074443,0.7025349721031777,0.1587215261205735,0.31341528399357055,63,74,86,424,0.14859437751004015,64,33,0.2214765100671141,129,60,0.40268456375838924,194,79,0.5302013422818792
within_run,primary,S_FB,logistic,0.43437482890090284,17,test,delay5,1387,272,0.19610670511896178,0.3934303550763875,0.740826958586125,0.1413961943478299,0.31341528399357055,80,91,192,1024,0.08161434977578476,138,65,0.23897058823529413,277,119,0.4375,416,157,0.5772058823529411
within_run,primary,S_FB,logistic,0.43437482890090284,17,test,delay50,1387,272,0.19610670511896178,0.38370310417280795,0.7358018992350304,0.14172694567193667,0.31341528399357055,90,124,182,991,0.11121076233183856,138,61,0.22426470588235295,277,111,0.40808823529411764,416,157,0.5772058823529411
within_run,primary,S_FB,logistic,0.43437482890090284,17,test,delay100,1387,272,0.19610670511896178,0.3504013711187476,0.7181449485623848,0.14444399085678147,0.31341528399357055,71,113,201,1002,0.10134529147982063,138,50,0.18382352941176472,277,100,0.36764705882352944,416,145,0.5330882352941176
within_run,primary,S_FB,logistic,0.43437482890090284,17,test,coverage0.5,1387,272,0.19610670511896178,0.37468681119254266,0.7369592455816407,0.14139992652322636,0.31341528399357055,105,138,167,977,0.12376681614349776,138,55,0.20220588235294118,277,120,0.4411764705882353,416,161,0.5919117647058824
within_run,primary,S_FB,logistic,0.43437482890090284,17,test,coverage0.2,1387,272,0.19610670511896178,0.3511817309534849,0.7261326167238196,0.14471672979268022,0.31341528399357055,116,158,156,957,0.14170403587443947,138,55,0.20220588235294118,277,117,0.43014705882352944,416,149,0.5477941176470589
within_run,primary,S_FB,logistic,0.43437482890090284,17,test,no_current_partition_returns,1387,272,0.19610670511896178,0.3644924892275019,0.7201414534423635,0.14693750170839137,0.31341528399357055,19,16,253,1099,0.014349775784753363,138,53,0.1948529411764706,277,103,0.3786764705882353,416,148,0.5441176470588235
within_run,primary,S_FB,logistic,0.43437482890090284,29,validation,delay5,647,149,0.2302936630602782,0.41429097405386456,0.7160319128864451,0.15732157853855328,0.31341528399357055,61,68,88,430,0.13654618473895583,64,33,0.2214765100671141,129,61,0.40939597315436244,194,80,0.5369127516778524
within_run,primary,S_FB,logistic,0.43437482890090284,29,validation,delay50,647,149,0.2302936630602782,0.43892084785459173,0.7031751165736774,0.15883913597808647,0.31341528399357055,74,110,75,388,0.22088353413654618,64,34,0.22818791946308725,129,64,0.42953020134228187,194,79,0.5302013422818792
within_run,primary,S_FB,logistic,0.43437482890090284,29,validation,delay100,647,149,0.2302936630602782,0.3606576773934158,0.6885798226462899,0.1646726395433085,0.31341528399357055,87,150,62,348,0.30120481927710846,64,24,0.1610738255033557,129,51,0.3422818791946309,194,77,0.5167785234899329
within_run,primary,S_FB,logistic,0.43437482890090284,29,validation,coverage0.5,647,149,0.2302936630602782,0.42100610566650143,0.7086601439314304,0.1585566084944066,0.31341528399357055,62,75,87,423,0.15060240963855423,64,34,0.22818791946308725,129,60,0.40268456375838924,194,79,0.5302013422818792
within_run,primary,S_FB,logistic,0.43437482890090284,29,validation,coverage0.2,647,149,0.2302936630602782,0.40964311494765804,0.6824344357294951,0.1623363051627435,0.31341528399357055,55,61,94,437,0.12248995983935743,64,36,0.24161073825503357,129,57,0.3825503355704698,194,81,0.5436241610738255
within_run,primary,S_FB,logistic,0.43437482890090284,29,validation,no_current_partition_returns,647,149,0.2302936630602782,0.4324975983074443,0.7025349721031777,0.1587215261205735,0.31341528399357055,63,74,86,424,0.14859437751004015,64,33,0.2214765100671141,129,60,0.40268456375838924,194,79,0.5302013422818792
within_run,primary,S_FB,logistic,0.43437482890090284,29,test,delay5,1387,272,0.19610670511896178,0.3934303550763875,0.740826958586125,0.1413961943478299,0.31341528399357055,80,91,192,1024,0.08161434977578476,138,65,0.23897058823529413,277,119,0.4375,416,157,0.5772058823529411
within_run,primary,S_FB,logistic,0.43437482890090284,29,test,delay50,1387,272,0.19610670511896178,0.38370310417280795,0.7358018992350304,0.14172694567193667,0.31341528399357055,90,124,182,991,0.11121076233183856,138,61,0.22426470588235295,277,111,0.40808823529411764,416,157,0.5772058823529411
within_run,primary,S_FB,logistic,0.43437482890090284,29,test,delay100,1387,272,0.19610670511896178,0.3504013711187476,0.7181449485623848,0.14444399085678147,0.31341528399357055,71,113,201,1002,0.10134529147982063,138,50,0.18382352941176472,277,100,0.36764705882352944,416,145,0.5330882352941176
within_run,primary,S_FB,logistic,0.43437482890090284,29,test,coverage0.5,1387,272,0.19610670511896178,0.37468681119254266,0.7369592455816407,0.14139992652322636,0.31341528399357055,105,138,167,977,0.12376681614349776,138,55,0.20220588235294118,277,120,0.4411764705882353,416,161,0.5919117647058824
within_run,primary,S_FB,logistic,0.43437482890090284,29,test,coverage0.2,1387,272,0.19610670511896178,0.3511817309534849,0.7261326167238196,0.14471672979268022,0.31341528399357055,116,158,156,957,0.14170403587443947,138,55,0.20220588235294118,277,117,0.43014705882352944,416,149,0.5477941176470589
within_run,primary,S_FB,logistic,0.43437482890090284,29,test,no_current_partition_returns,1387,272,0.19610670511896178,0.3644924892275019,0.7201414534423635,0.14693750170839137,0.31341528399357055,19,16,253,1099,0.014349775784753363,138,53,0.1948529411764706,277,103,0.3786764705882353,416,148,0.5441176470588235
within_run,primary,S_FB,logistic,0.43437482890090284,43,validation,delay5,647,149,0.2302936630602782,0.41429097405386456,0.7160319128864451,0.15732157853855328,0.31341528399357055,61,68,88,430,0.13654618473895583,64,33,0.2214765100671141,129,61,0.40939597315436244,194,80,0.5369127516778524
within_run,primary,S_FB,logistic,0.43437482890090284,43,validation,delay50,647,149,0.2302936630602782,0.43892084785459173,0.7031751165736774,0.15883913597808647,0.31341528399357055,74,110,75,388,0.22088353413654618,64,34,0.22818791946308725,129,64,0.42953020134228187,194,79,0.5302013422818792
within_run,primary,S_FB,logistic,0.43437482890090284,43,validation,delay100,647,149,0.2302936630602782,0.3606576773934158,0.6885798226462899,0.1646726395433085,0.31341528399357055,87,150,62,348,0.30120481927710846,64,24,0.1610738255033557,129,51,0.3422818791946309,194,77,0.5167785234899329
within_run,primary,S_FB,logistic,0.43437482890090284,43,validation,coverage0.5,647,149,0.2302936630602782,0.42100610566650143,0.7086601439314304,0.1585566084944066,0.31341528399357055,62,75,87,423,0.15060240963855423,64,34,0.22818791946308725,129,60,0.40268456375838924,194,79,0.5302013422818792
within_run,primary,S_FB,logistic,0.43437482890090284,43,validation,coverage0.2,647,149,0.2302936630602782,0.40964311494765804,0.6824344357294951,0.1623363051627435,0.31341528399357055,55,61,94,437,0.12248995983935743,64,36,0.24161073825503357,129,57,0.3825503355704698,194,81,0.5436241610738255
within_run,primary,S_FB,logistic,0.43437482890090284,43,validation,no_current_partition_returns,647,149,0.2302936630602782,0.4324975983074443,0.7025349721031777,0.1587215261205735,0.31341528399357055,63,74,86,424,0.14859437751004015,64,33,0.2214765100671141,129,60,0.40268456375838924,194,79,0.5302013422818792
within_run,primary,S_FB,logistic,0.43437482890090284,43,test,delay5,1387,272,0.19610670511896178,0.3934303550763875,0.740826958586125,0.1413961943478299,0.31341528399357055,80,91,192,1024,0.08161434977578476,138,65,0.23897058823529413,277,119,0.4375,416,157,0.5772058823529411
within_run,primary,S_FB,logistic,0.43437482890090284,43,test,delay50,1387,272,0.19610670511896178,0.38370310417280795,0.7358018992350304,0.14172694567193667,0.31341528399357055,90,124,182,991,0.11121076233183856,138,61,0.22426470588235295,277,111,0.40808823529411764,416,157,0.5772058823529411
within_run,primary,S_FB,logistic,0.43437482890090284,43,test,delay100,1387,272,0.19610670511896178,0.3504013711187476,0.7181449485623848,0.14444399085678147,0.31341528399357055,71,113,201,1002,0.10134529147982063,138,50,0.18382352941176472,277,100,0.36764705882352944,416,145,0.5330882352941176
within_run,primary,S_FB,logistic,0.43437482890090284,43,test,coverage0.5,1387,272,0.19610670511896178,0.37468681119254266,0.7369592455816407,0.14139992652322636,0.31341528399357055,105,138,167,977,0.12376681614349776,138,55,0.20220588235294118,277,120,0.4411764705882353,416,161,0.5919117647058824
within_run,primary,S_FB,logistic,0.43437482890090284,43,test,coverage0.2,1387,272,0.19610670511896178,0.3511817309534849,0.7261326167238196,0.14471672979268022,0.31341528399357055,116,158,156,957,0.14170403587443947,138,55,0.20220588235294118,277,117,0.43014705882352944,416,149,0.5477941176470589
within_run,primary,S_FB,logistic,0.43437482890090284,43,test,no_current_partition_returns,1387,272,0.19610670511896178,0.3644924892275019,0.7201414534423635,0.14693750170839137,0.31341528399357055,19,16,253,1099,0.014349775784753363,138,53,0.1948529411764706,277,103,0.3786764705882353,416,148,0.5441176470588235
